init_smiles,init_bde,init_ip,generated_smiles,reward,predicted_bde,predicted_ip,similarity,SA_score,find_in_anti_oxidant,mol_rank,mol_id
CN(C)c1cc(C(C)(C)C)cc(C(C)(C)C)c1O,68.31062974,127.1835241,C=CC(C)(CNO)c1cc2c(c(N(C)C(CN)OC)c1O)OCC21C=C1,1.2024975529536048,71.77600860595703,145.60835063216538,0.22679405173226322,5.551830781203651,,0,0
Cc1cc(N(C)C)c(C)c(C)c1O,73.12989886,127.5851299,C=NCc1c(N(C)C=N)cc(C)c(O)c1CNO,1.3121139934911448,71.84150695800781,162.91797271296085,0.2308521729629305,4.121564464453453,,0,11
Cc1c(N(C)C)cc(O)cc1N(C)C,79.28576215,133.0444582,CN(C=N)c1c(CO)c(O)cc(N2C=NCC2ON)c1CNO,1.2003824113804649,71.84150695800781,162.81953251434265,0.2076486417473022,4.927603283453632,,0,15
Cc1cc(N(C)C)cc(O)c1C,78.48882572,130.6536489,CN(c1cc(O)c(CNO)c2c1C2)C1(CO)C=CON1,1.1106632336212665,71.84150695800781,154.5874013189748,0.20678153272499059,4.865415844332775,,1,6
Cc1c(C)c(O)c(C)c(N(C)C)c1C,75.52070815,131.8333658,C=CN1C=NCc2c(CNO)c(C)c(O)c(C=NO)c21,1.223576402292988,71.84150695800781,152.67041669491977,0.2159886840320332,4.297342368818011,,1,8
Cc1ccc(N(C)C)c(C)c1O,79.21046107,133.7786437,Cc1cc(NC=N)c(N(C)C=N)c(CNO)c1O,1.2260416558708167,71.84151458740234,148.17939723006486,0.22367158969055656,4.185161579838069,,1,11
Cc1c(C)c(N(C)C)c(O)c(N(C)C)c1C,78.19389649,127.4784534,Cc1c(CNO)c(N(C=NC=N)CO)c(O)c2c1cc(NO)n2C=N,1.1566104027591284,71.84150695800781,145.625024450244,0.20319391968414746,4.792064810837275,,2,3
Cc1ccc(O)c(N(C)C)c1,71.90625631,130.8544518,Cc1cc(N2CC2C(N)C=N)c(O)cc1NO,1.3099632507849002,69.42218780517578,164.24431545803844,0.2113819419887722,4.5617238942478355,,2,7
Cc1cccc(O)c1N(C)C,76.26744386,134.7324574,CN(C=N)c1c(CO)c(NO)cc(N)c1OCN,1.308827535413823,69.8397445678711,172.2262373228729,0.2281131565958351,3.959665425991914,,2,9
Cc1cc(N(C)C)c(O)c(C)c1C,69.77272571,126.2987364,CCc1c(CNO)cc2c(c1CN)OCN2C#CC=CC=O,1.118651458812555,71.67794799804688,149.18885186673552,0.2320697741249721,4.170591347261199,,2,13
COc1c(O)cc(C(C)(C)C)c(OC)c1C(C)(C)C,76.3050944,145.4754115,CONC12COc3c(cc(O)c(OCN)c3C(C)(C=N)CC=O)C1(C)C2,1.3743981392773423,70.56864166259766,163.83680311062335,0.20795579695658534,5.3682304308690085,,3,11
COc1cc(OC)c(O)c(C(C)(C)C)c1,76.556098,136.0063007,CC1(O)Oc2c(OCO)cc(OC(N)NO)c3c2C12CC2O3,1.085781550936808,74.01373291015625,148.83045481020213,0.20417074305889613,5.544749334488144,,3,12
COc1ccc(O)c(OC)c1C(C)(C)C,74.41001722,141.5848557,C#COCC(C)(C=C)c1c(OC(N)NO)cc2c(OC)c1oc2=C,1.0639440875700892,74.01373291015625,147.74245914348214,0.20454852528335915,5.784034148420798,,3,14
COc1cc(C(C)(C)C)c(O)c(OC)c1C(C)(C)C,73.36207719,146.9124071,C=CNC(=C)C(C)(CN)c1c(O)c2c(c3oc(NO)nc13)C(C)(C)C=CO2,1.1813010930895658,73.85717010498047,155.82691389011592,0.20044472046154269,4.97499151958562,,4,0
COc1cc(OC)c(C(C)(C)C)cc1O,76.58747345,146.3915746,CC(C=N)C(C)(CNO)c1cc(ON)c(OCN)c2c1OCO2,1.2705771691531544,71.60770416259766,164.39178057174684,0.226109519226494,4.811505466321938,,4,1
COc1c(C(C)(C)C)cc(C(C)(C)C)c(OC)c1O,75.32618036,144.4023711,COc1c(C(C)(CNO)CON)cc2c(c1O)OC1CC2(C)C(O)=N1,1.292824429048426,71.80580139160156,156.86143182993533,0.20747374417716707,5.91349382120186,,4,6
COc1ccc(C(C)(C)C)c(OC)c1O,74.62337028,151.6877506,COc1c2c(OCO)cc(c1C(C)(C)C(=N)C(C)NO)NO2,1.2715296112744623,71.90841674804688,163.56185727305413,0.22203238505897777,5.060570590442859,,4,8
COc1cccc(C(C)(C)C)c1O,75.65248504,147.4081392,C=CC(C)(CN)c1cc(C)cc(OC(N)NO)c1O,1.1732541116009487,74.01373291015625,159.6824599289015,0.2562779979158109,4.402424219290204,,4,11
COc1c(O)cccc1C(C)(C)C,77.67306402,145.4314858,CCC(C)(COC)c1c(C)cc(NO)c(OC=N)c1OCN,1.2047246055592944,70.01036071777344,157.6125285385683,0.23594133521840716,4.274178188210418,,5,2
COc1c(O)c(C(C)(C)C)cc(C(C)(C)C)c1C(C)(C)C,70.16805638,137.700575,CCC(C)(C)c1cc(C(C)C=O)c(O)c(OCN)c1C12C=CCC1=C2NO,1.3737205970821464,70.87447357177734,160.01660087899415,0.20945417537560537,4.947821987867143,,5,4
COc1cc(C(C)(C)C)ccc1O,75.90348864,146.4480504,CC(C)(c1cc2oc1c1c2OCO1)C(O)NO,1.2603643104670477,72.69036102294922,159.0200143117681,0.20979156633274973,4.868756529180265,,5,5
COc1cc(C(C)(C)C)cc(C(C)(C)C)c1O,71.36659857,143.975665,CCC1(c2cc(OC3=NC3N)c(O)c(C(C)(C=N)CNON)c2)C=C1,1.259755685051801,71.77600860595703,160.40660506452173,0.22814900989713982,5.169986291506049,,5,7
COc1cc(C)c(O)c(C)c1C,72.17608518,143.5050332,COc1c(C#N)cc2oc(O)cc2c1CNO,1.5574645397242646,67.16092681884766,183.75100464430304,0.1871100822013367,3.3118240286490668,,6,0
COc1cc(C)c(O)cc1C,75.37638108,140.1729604,COC(O)C(NO)c1c(O)cc(C)c(OCN)c1ON,1.1014968974798522,72.57657623291016,170.2690921712458,0.21597507661031565,4.440356255482232,,6,3
COc1cc(C)c(C)c(OC)c1O,,,COc1c(C)c(C#N)cc(OCN(C=N)ONO)c1O,1.197281676900333,73.79679107666016,171.04425873658954,0.24294600208663641,3.900133744109387,,6,8
COc1c(C)cc(O)c(OC)c1C,77.84876654,143.2603047,Cc1c(N)oc2c3c(c(O)cc12)OC(NO)=NC3ON,1.247142106471649,71.55870056152344,167.1499541977197,0.19381002314166765,4.612557607569538,,6,15
COc1ccc(C)c(O)c1C,77.53501204,144.9734043,C=NCOc1cc(O)c2c(C)c(O)oc2c1CC,1.5250165333107224,64.66722106933594,170.3342809512794,0.20411443201531332,3.6571328514236257,,7,2
COc1cccc(O)c1C,82.08445229,158.4585727,CCc1c(OCCNC)c(N)cc(NO)c1OC#N,1.135702484435384,70.01036071777344,154.41932880663575,0.2264786703344283,3.3841794168972985,,7,3
COc1cc(O)c(C)cc1C,77.4346106,144.1450924,C=NCOc1cc(O)c2c(C)c(O)oc2c1CC,1.5083568031561838,64.66722106933594,166.82888028126658,0.20411443201531332,3.6571328514236257,,7,4
COc1cc(C)c(C)c(O)c1,79.39871377,146.9939833,CCc1c(O)cc2oc(CNO)nc2c1C,1.3464114583958564,71.50220489501953,179.4793516234219,0.20504291860175344,3.0863746991245566,,7,5
COc1ccc(C)c(O)c1,79.6308921,149.140064,CN(O)Oc1c(N)c(OCO)cc(O)c1CNO,1.120715526076614,71.84150695800781,155.82580532622487,0.2100463371021813,3.8131529259919157,,7,7
COc1cc(O)ccc1C,80.18937511,148.6757074,CNc1c(OC(C)(O)NO)c(C)cc(O)c1OC,1.0914280613036498,73.97042083740234,167.1961485980019,0.23431027843110347,3.7984638324268216,,7,15
CN(C)c1c(O)ccc(C(C)(C)C)c1C(C)(C)C,74.36609159,,C=CC1(c2c(C(C#COC)(C=C)CO)cc(N)c(O)c2N(C)C(=N)O)C=C1,1.2600354464859518,70.57652282714844,150.75895599043966,0.22817454952444224,5.096422315530946,,0,2
Cc1c(C)c(N(C)C)c(C)c(C)c1O,74.02096164,128.4761927,Cc1c(O)c(C=CO)c(C#N)c(N(C)CON)c1CCO,1.1345004516685882,75.14514923095703,164.8924469930634,0.23098541307111373,3.900143345706896,,0,4
Cc1cc(N(C)C)cc(C)c1O,69.30209396,124.3597336,C#Cc1cc2c(c(CCO)c1O)OC(=CO)N2C,1.5484442015344984,63.830848693847656,163.19516316904725,0.22954554409664726,3.8225096175146778,,0,6
Cc1ccc(O)cc1N(C)C,80.37135272,136.6024342,Cc1c(N)c(O)cc(NC(N)C#CO)c1C=O,1.3455407999130624,70.02745056152344,171.93283145671487,0.22433958051827468,4.424655806606069,,1,7
Cc1ccc(O)c(N(C)C)c1,71.90625631,130.8544518,C#Cc1cc(NCCC=N)c(O)cc1N=O,1.2568261031674324,73.77412414550781,174.55796367039383,0.2067576230622859,3.7106505732504296,,2,7
Cc1cc(C)c(N(C)C)c(O)c1,75.63993486,131.5447117,N=CC(ON=O)c1cc2ccn(C=N)c2c(O)c1N,1.2043158504416749,72.64657592773438,163.38888006994725,0.20303706683528866,4.8124943221361836,,2,8
Cc1cccc(N(C)C)c1O,71.63015235,131.638838,CCCNc1cc(NOCCO)cc(C)c1O,1.257467882725323,71.45323944091797,165.1434154115185,0.22091019977041035,2.64428622177509,,3,3
COc1c(O)cc(C(C)(C)C)c(OC)c1C(C)(C)C,76.3050944,145.4754115,C=CC(C)(CO)c1c(OC(=C)NO)c2c(c(C(C)C)c1OCN=C)O2,1.3972543506941082,69.7470703125,156.34277993884385,0.2309888598877938,4.888189898370397,,3,11
COc1c(O)c(C(C)(C)C)c(C(C)(C)C)c(OC)c1C(C)(C)C,72.34551261,,C#CC(C)(CN=C)c1c(OC)c(O)c(C(C)C)c(C2(C=C)C=C2)c1OC(O)=C=C,1.4835982093017048,68.3051528930664,154.57057870729267,0.23641075292595432,5.039329530902123,,3,15
COc1cc(C(C)(C)C)c(O)c(OC)c1C(C)(C)C,73.36207719,146.9124071,C=COc1c(O)c(C(C#CO)CNC)cc(OCO)c1C(C)(C=C)C(=C)O,1.407229467775546,70.13017272949219,167.13386524502934,0.22705613898748692,5.141897699142169,,4,0
COc1[c-]c(C(C)(C)C)c(O)cc1C(C)(C)C,,,CCC=C(O)Oc1[c-]c(C(C)CO)c(O)cc1C(C#N)(CC)C(C)=N,1.3866135112183255,66.42044067382812,149.18152111859916,0.21986875785765098,5.21282332313114,,4,3
COc1cc(C(C)(C)C)cc(OC)c1O,77.93034271,140.6373171,C=C(O)Oc1c(N)c(C(C)C=O)cc(OCO)c1O,1.3681133415317381,72.77387237548828,169.97053316680194,0.24226054191404245,4.092354475982337,,4,5
COc1cc(C(C)(C)C)c(C(C)(C)C)c(OC)c1O,75.18812838,138.0645302,C#CCCC=C(O)Oc1cc(C(C=C)=CO)c(C(C)(C)C)c(OC)c1O,1.5613023316589456,66.48644256591797,164.00733363831043,0.24659281813019202,3.8303846734101485,,4,7
COc1ccc(C(C)(C)C)c(OC)c1O,74.62337028,151.6877506,COc1c(O)c(OCO)cc(N)c1C1(C)C(N)C1NO,1.2756176581136778,71.78996276855469,145.91219576132596,0.23871624834358843,4.520482459726526,,4,8
COc1ccc(C(C)(C)C)cc1O,76.38667057,145.7766158,C=CC(C)(CC=O)c1cc(C)c(OCN(C)O)c(O)c1O,1.1986749486766226,73.53241729736328,169.1601571552694,0.25535615433427133,4.247393684358521,,4,15
COc1cc(OC)c(C(C)(C)C)c(O)c1C(C)(C)C,,,CC1(C)C=NOc2c3c(cc(OCO)c21)OC#CC3CNO,1.3959659532453865,72.579833984375,165.55816950581521,0.22094561259580042,5.403891936790979,,5,11
COc1ccc(O)c(C)c1C,74.24058979,146.561002,C=C=C=Cc1c(C)c(OC(=C)OC)cc(N)c1O,1.1027352786841789,74.47322845458984,167.02129824493528,0.22436448681327947,3.9944192721457616,,5,12
COc1ccc(O)cc1C,83.51517281,149.7299225,Cc1ccc(N)cc1OCO,1.3571371257309628,74.44629669189453,174.42061514718532,0.23236693877959733,2.1614711055279976,,5,13
COc1c(C)cc(O)cc1C,80.44037871,144.119992,Cc1c(C=O)c(O)cc(O)c1OC(O)=CC=O,1.6159703377422643,65.9420166015625,185.62440717517435,0.23923629823696757,3.4887619664559413,,6,4
COc1c(C)cc(C)c(OC)c1O,80.33370218,149.1714395,Cc1cc2c(c(O)c1OCN)OC(=C(O)C=C=N)C2,1.3421997664151697,71.22550964355469,168.22167225658,0.22855078199202444,4.201749535240493,,6,5
COc1cc(OC)c(O)c(C)c1C,76.08546625,110.8306396,C#CCCC=C(O)Oc1cc(OC(=C)OC)c(C)c(CN)c1O,1.3543627276386605,66.48644256591797,160.0767406419009,0.2326495624780637,3.719874016150012,,6,12
COc1cccc(O)c1C,82.08445229,158.4585727,COc1cc(O)c(NO)c(OCON)c1C(C)=O,1.1189927761920062,74.40384674072266,176.5655831861168,0.23020283489474072,3.2317788875303766,,7,3
COc1cc(C)cc(O)c1C,81.29379095,156.7642984,COC(=CC=O)Oc1cc(CN)cc(O)c1CO,1.311877120627986,72.3208999633789,183.7374080703795,0.21869378772325607,3.246405064924411,,7,6
COc1cc(O)cc(C)c1C,80.77295848,,COc1cc(O)c(N)c(C)c1C#N,1.4026970613520824,73.92044830322266,177.7634737534836,0.2580603829180733,2.7463501572486457,,7,8
COc1cc(O)c(C)c(C)c1C,77.30283371,141.5283799,C#CCc1c(O)cc(OC(O)=CCC)c(C)c1C(=C)O,1.3600333672886886,66.30209350585938,148.28695885457395,0.23648463090567307,3.7028153599777944,,7,14
Cc1cc(N(C)C)c(C)cc1O,74.7363219,128.570319,CCN(C)c1c(CNO)cc(O)c(C)c1N=O,1.3556839597920984,71.67794799804688,165.34343284525872,0.2278690116104534,3.486088120302094,,0,5
Cc1c(N(C)C)cc(O)cc1N(C)C,79.28576215,133.0444582,CCN(C)c1c(O)c(O)c(OC)c(N(C)C)c1CN,1.2420444534974109,71.84150695800781,152.7989589047879,0.24530257242371167,3.159950356397359,,0,15
Cc1c(N(C)C)cc(N(C)C)c(C)c1O,79.02220837,128.915449,CCN(C)c1cc(O)c(CNO)cc1C,1.5115538221320648,71.6779556274414,170.08544306479098,0.249397645848257,2.801789272650071,,1,0
Cc1cc(N(C)C)c(C)c(O)c1C,78.36332392,,CCN(C)c1cc(CNO)c(CONC)c(O)c1C,1.2606327730770237,71.67794799804688,150.73872899485528,0.2381861129046741,3.416796454836735,,1,4
Cc1cc(N(C)C)cc(O)c1C,78.48882572,130.6536489,CCN(C)c1cc(CNO)c(CONC)c(O)c1C,1.2200861644762586,71.67794799804688,154.34638317207248,0.2381861129046741,3.416796454836735,,1,6
Cc1c(C)c(O)c(C)c(N(C)C)c1C,75.52070815,131.8333658,CNC1Cc2cc(c(O)c(C)c2CNO)CC(N)N1,1.2412760870862878,71.78868103027344,152.20223538794815,0.2157032228283207,5.379000406298493,,1,8
Cc1ccc(N(C)C)c(C)c1O,79.21046107,133.7786437,CCN(C)c1cc(CNO)c(CONC)c(O)c1C,1.2088033152326927,71.67794799804688,151.97234067971706,0.2381861129046741,3.416796454836735,,1,11
Cc1cc(O)cc(N(C)C)c1C,79.93837151,135.5168436,COc1cc(CNO)c(CN)c(N(C)C)c1O,1.2592254093499022,71.67794799804688,145.04743379773348,0.24770062987246907,3.036989658763634,,1,14
Cc1cc(N(C)C)c(O)c(N(C)C)c1,72.09450901,127.8173082,CCN(C)c1cc(C)cc(NC(O)C2CN2)c1O,1.19971520267116,75.22925567626953,156.7629490206778,0.2188353911093242,3.867571778680677,,2,0
Cc1c(C)c(N(C)C)c(O)c(N(C)C)c1C,78.19389649,127.4784534,CN(C)c1cc(CONCO)c2ccn(C)c2c1O,1.2583810645224847,73.3204574584961,146.3419024100527,0.21164955279068082,3.332653085536352,,2,3
Cc1ccc(N(C)C)c(O)c1C,,138.4975114,COc1c(CNO)c(C)c(O)c2c1N(CN)CC2,1.2088146485236304,71.84150695800781,157.70529774217903,0.23539697872781132,3.4604779063686815,,2,10
Cc1c(C)c(C)c(N(C)C)c(O)c1C,73.24912557,129.0786013,COc1c(CNO)c(C)c(O)c2c1N(CN)CC2,1.2915090840328043,71.84150695800781,151.93484091166408,0.23539697872781132,3.4604779063686815,,2,11
Cc1ccc(C)c(N(C)C)c1O,74.673571,133.2201607,CCc1cc(CNO)c2ccn(C=N)c2c1O,1.250114512783039,71.64088439941406,147.20873167692125,0.20249499099848706,3.576995550743993,,2,12
Cc1cc(N(C)C)c(O)c(C)c1C,69.77272571,126.2987364,CCN(C)c1cc(CNO)c(C=N)c(CN)c1O,1.2978326445480586,71.6779556274414,150.4733224423498,0.24156188250162913,3.6920394644534538,,2,13
Cc1cc(C)c(N(C)C)c(O)c1C,74.43511758,130.3775449,COc1c(CNO)c(C)c(O)c2c1N(CN)CC2,1.2696863859364018,71.84150695800781,158.03708857805879,0.23539697872781132,3.4604779063686815,,2,14
Cc1cc(O)c(N(C)C)cc1C,71.29757258,127.6227804,CCN(C#N)c1c(C)c(CNO)c(CON)c(OC)c1O,1.1435775964609076,71.6779556274414,155.78245587338657,0.23404580221256543,3.837400488564037,,3,2
Cc1c(C)c(N(C)C)c(C)c(N(C)C)c1O,71.50465055,123.4310203,Cc1c(CNO)c(N(C)C)c2cc[nH]c2c1O,1.3529111268491663,71.84150695800781,147.47679898894577,0.22416706936314895,3.37216290291079,,3,5
COc1cc(OC)c(O)c(C(C)(C)C)c1,76.556098,136.0063007,C=CN1C#CC(C)(c2cc(OC)c(O)c(O)c2O)C1,1.1822377599817269,75.61611938476562,150.7607452936575,0.2379444851346896,4.580699525756093,,3,12
COc1ccc(C(C)(C)C)c(OC)c1O,74.62337028,151.6877506,CCc1cc(C2(CCCCN)C=C2)c(OC)c(O)c1O,1.2292084426462262,71.78141021728516,150.1041637939453,0.25903442944513344,3.1145004107760528,,4,8
COc1c(O)c(OC)c(C(C)(C)C)c(C(C)(C)C)c1C(C)(C)C,66.13317351,133.4711643,COc1cc(C(C)(C=O)CNO)c(C(C)CN)c(OCC=O)c1O,1.4887102487863595,71.77600860595703,159.07268930920512,0.2538084803224942,4.289138435524935,,4,9
COc1c(O)cc(C(C)(C)C)c(C(C)(C)C)c1C(C)(C)C,69.45897121,133.5841159,COCOc1c(O)cc2c(c1C(C)(C=N)CNO)C(C)(C)C(C)=CC21C=C1,1.2869441542520619,71.77600860595703,149.1824619890064,0.22258198300488086,5.113257103676739,,5,6
COc1c(C(C)(C)C)ccc(C(C)(C)C)c1O,75.18185329,144.0697913,COCC(C)(C)c1c(C)cc(C(C)(C)C)c(O)c1OCNO,1.2630595052412725,73.53241729736328,160.09530788435637,0.26512677130852663,3.362861818725218,,5,8
COc1c(C)cc(C)c(OC)c1O,80.33370218,149.1714395,Cc1cc2ccoc2c(O)c1OCN(C)O,1.2856148665538796,74.00141143798828,162.99110768996178,0.20688184499433981,3.2671456781455346,,6,5
COc1cc(C)c(C)c(OC)c1O,,,Cc1cc2ccoc2c(O)c1OCN(C)O,1.3180280041452406,74.00141143798828,169.81120820635707,0.20688184499433981,3.2671456781455346,,6,8
COc1cc(C)c(O)c(OC)c1C,74.51669375,146.5923775,CCc1cc(OCNO)c(CONCCN)c(OC)c1O,1.1697727633368387,73.53241729736328,163.07880176024736,0.23991525008671322,3.403366962607235,,6,11
COc1cc(O)c(C)cc1C,77.4346106,144.1450924,Cc1cc2ccoc2c(O)c1OCN(C)O,1.1871048159642583,74.00141143798828,166.54171206289232,0.20688184499433981,3.2671456781455346,,7,4
COc1cc(C)c(C)c(O)c1,79.39871377,146.9939833,COc1c(O)cc(CNO)c(O)c1O,1.3478917148123308,71.84151458740234,168.2389687398076,0.24578404368680248,2.8353778829894356,,7,5
COc1cc(O)cc(C)c1C,80.77295848,,CCOc1c(C)c(CNO)c(O)c(O)c1O,1.3113980697501555,71.84151458740234,170.12444623241723,0.24522580154875034,3.027288035787892,,7,8
COc1cc(C)c(C)c(O)c1C,,,CCN(O)C(=O)Oc1cc(C)c(CN)c(O)c1C#CO,1.3210666814736276,68.35553741455078,156.99914529265166,0.21657917240625943,3.6592548374814236,,7,9
Cc1c(O)ccc(N(C)C)c1C,74.95595005,129.5617832,C=NC(C)N(C)c1ccc(O)c(C)c1C=C(O)CN,1.1610063510793727,74.07757568359375,161.67754607487916,0.22073968217200438,4.241339091366952,,0,8
Cc1cc(O)ccc1N(C)C,76.21724314,130.8419016,CN(C=O)c1ccc(O)c(O)c1C#N,1.415787323714695,75.12490844726562,190.43720260112883,0.24524167785225165,3.0202801698917217,,0,10
Cc1cc(O)cc(N(C)C)c1C,79.93837151,135.5168436,Cc1c(C=CC2CN2C=N)cc(O)c(O)c1N(C)C(C)N,0.9936346414995403,75.3700180053711,159.0224379636973,0.22295366819435586,4.919211850182975,,1,14
Cc1cc(C)c(N(C)C)c(O)c1N(C)C,78.82140549,128.8526981,C=CC(=O)N(C)c1c(C=CCN)cc2ccn(C=N)c2c1O,1.1857675265409777,74.43608856201172,162.8264134453267,0.20647607427936654,3.8976741264175256,,2,2
Cc1c(C)c(N(C)C)c(O)c(N(C)C)c1C,78.19389649,127.4784534,Cc1c(CC#N)c(N(C)C=O)c(O)c2c1ccn2C=N,1.3328952406358745,74.18280792236328,169.12247629199922,0.22140638528061612,3.8738798979555398,,2,3
Cc1cc(C)c(O)c(N(C)C)c1C,74.2970656,132.052994,Cc1c(C=C(CNO)N=O)cc(CCN)c(O)c1N(C)C#N,1.1902716559737263,71.74594116210938,160.77215658485292,0.24157013487075385,4.069309797864722,,2,5
Cc1ccc(O)c(N(C)C)c1,71.90625631,130.8544518,CC(N)N(C)c1c(O)ccc(C=C(N)CNO)c1N,1.0216139052100355,71.74594116210938,146.62005057462156,0.21050024883272483,4.215734783674645,,2,7
Cc1cccc(O)c1N(C)C,76.26744386,134.7324574,C=C(OC(C)(N)O)N(C)c1c(C)cc(O)c(N)c1OC,0.9913862251303759,74.49175262451172,153.30888523657322,0.22972972915033185,3.976507554093601,,2,9
Cc1ccc(O)c(N(C)C)c1C,75.84701283,133.4711643,Cc1c(C=CC2CN2C=N)cc(O)c(O)c1N(C)C(C)N,0.9716042445781834,75.3700180053711,154.38698664411305,0.22295366819435586,4.919211850182975,,3,1
Cc1cc(O)c(N(C)C)cc1C,71.29757258,127.6227804,C=CN(C)C1CN1c1cc(C)c(CC)c(N)c1O,1.1446107595203385,74.77032470703125,159.5493137081802,0.23623233643280678,4.3257352402191405,,3,2
Cc1c(C)c(N(C)C)c(C)c(N(C)C)c1O,71.50465055,123.4310203,C=C=COCc1c(C)c(O)c2c(cc(N)n2C=N)c1N(C)C#N,1.1437701970989935,74.68904876708984,153.22362890721857,0.2081930056836162,4.529661857341081,,3,5
COc1cc(OC)c(C(C)(C)C)c(C(C)(C)C)c1O,73.42482809,129.33588,CNC1CC2(CC2C=N)c2c(O)c(O)cc3c2C1(C)CC(=O)O3,1.3319829889350674,75.22318267822266,179.4019755132705,0.20659987823236065,5.509636476270536,,3,13
COc1[c-]c(C(C)(C)C)c(O)c(C(C)(C)C)c1,,,CC(C=N)(C=O)c1cc(OCNO)[c-]c(C2C=C2)c1O,1.2521353565446094,73.53241729736328,145.41958653081954,0.2493539831535181,5.522441943233874,,4,4
COc1cc(C(C)(C)C)c(C(C)(C)C)c(OC)c1O,75.18812838,138.0645302,Cc1c(OCNO)c(O)c(OC=N)c(C2(C)CC2ON)c1C(C)(C#N)C=O,1.1743523990298184,73.53241729736328,148.92173779594899,0.22668065130056644,5.47867633444597,,4,7
COc1cc(C(C)(C)C)ccc1O,75.90348864,146.4480504,CC=C(O)NCC(C)(CNO)c1cc(OC)c(O)c(N)c1C,1.1495545766478577,71.80579376220703,152.69772908383013,0.24590458425272055,4.090198046143251,,5,5
COc1ccc(O)c(C)c1C,74.24058979,146.561002,CCOc1cc(O)c(O)c(C)c1C=C(N)ONOC,1.1040520851697224,73.13948822021484,156.31429197737575,0.22850837501032842,3.5131493960132065,,5,12
COc1cc(C)c(O)cc1C,75.37638108,140.1729604,Cc1c(O)cc(C=C(N)CNO)c(OC(=C=O)C#N)c1O,1.1045910242421688,71.74594116210938,164.07939991298616,0.21934080098281403,4.055153510542059,,6,3
COc1c(C)cc(O)cc1C,80.44037871,144.119992,CNc1oc2c(C)c(O)c(O)cc2c1N,1.0965680307814547,75.76949310302734,152.48867304003835,0.19619125435643414,3.102302734188532,,6,4
COc1cc(C)cc(OC)c1O,,,C=Cc1cc(O)c(O)c(OCC)c1N(O)ONO,1.2144238544259665,73.4657974243164,167.87888169033675,0.21224792369028925,3.7778885029149922,,6,9
COc1c(C)cc(O)c(OC)c1C,77.84876654,143.2603047,C=CN(O)c1cc2c(O)c(O)cc(C)c2oc1=O,1.5133706824564646,67.68923950195312,167.02215458133222,0.18874051154947055,3.3292385029149916,,6,15
Cc1cc(O)ccc1N(C)C,76.21724314,130.8419016,C=Cc1c(N(C)C(=O)O)cc(O)c(O)c1N,1.4232696150436943,71.140869140625,178.32915713773966,0.2335920939119901,3.188172865592234,,0,10
Cc1c(O)c(C)c(N(C)C)c(C)c1N(C)C,76.63139908,127.7922078,C=CN(C)c1c(C)c2c(c(O)c1CCC(OC)=C(C)O)CCN2C,1.1702454798234028,71.58487701416016,146.3805155528754,0.23006425824696,3.7858943424515576,,0,12
Cc1ccc(O)cc1N(C)C,80.37135272,136.6024342,C#CCc1cc(C=N)c(O)c(N=C=C=C)c1N(C)C,1.0542499957250526,75.10984802246094,171.62650494508148,0.22907400743266124,4.459037178818635,,1,7
Cc1ccc(N(C)C)cc1O,79.4426394,132.4483246,C=C(O)N(C)c1cc(OCCNOC)c(C)c(NO)c1O,1.2636819442128608,65.52507781982422,146.32177713018805,0.23099631008843124,3.5670419720805207,,1,12
Cc1cc(C)c(O)c(N(C)C)c1C,74.2970656,132.052994,C=CN(C=N)c1c(O)c(C=CC)cc(C=CO)c1C=N,1.053936129852729,75.30763244628906,145.23253888224363,0.23168730196067114,4.448902974878616,,2,5
Cc1ccc(O)c(N(C)C)c1,71.90625631,130.8544518,C=CN(C)c1c(O)c(O)cc(C=C(O)CO)c1OC=O,1.0744874423453057,73.4102554321289,171.45179170205594,0.23201498112959207,3.936300701051815,,2,7
Cc1ccc(N(C)C)c(O)c1C,,138.4975114,C=C(O)N(C)c1cc2c(c(C=CO)c1O)C2,1.2418466635861583,75.13872528076172,174.2757059845686,0.23222017406992868,3.969867258890371,,2,10
Cc1cc(N(C)C)c(O)c(C)c1C,69.77272571,126.2987364,CCc1c(C)c(C=CO)cc(N(C)C(O)=CO)c1O,1.1698119589912412,75.30763244628906,161.52140454155355,0.24780616552471474,3.8532230973706714,,2,13
Cc1cc(C)c(O)c(N(C)C)c1,70.36258417,129.2794042,C=C(O)N(C)c1cc2c(c(C=CO)c1O)C2,1.1938971546876083,75.13872528076172,164.18657254359425,0.23222017406992868,3.969867258890371,,3,0
Cc1cccc(N(C)C)c1O,71.63015235,131.638838,C=CN(C)c1c(O)c(O)cc(C=C(O)CO)c1OC=O,1.0210869057923522,73.4102554321289,160.2156987476468,0.23201498112959207,3.936300701051815,,3,3
Cc1cc(N(C)C)c(C)c(N(C)C)c1O,70.85831628,123.9581279,CC=CC=Cc1cc(NCCNOC)c(C)c(N(C)C)c1O,1.262345756380104,71.45232391357422,150.85957414254247,0.24534616043720298,3.4355725879559875,,3,8
COc1c(O)cccc1C(C)(C)C,77.67306402,145.4314858,Cc1cc(C2(C)C3=C2O3)c(OC=N)c(O)c1C,1.4079230930017206,71.91265106201172,179.61685306384413,0.24136979211980825,3.7794296587636333,,5,2
COc1ccc(O)c(C)c1C,74.24058979,146.561002,C=CC1(C#N)C(=O)Oc2cc(O)c(O)c(CC)c21,1.1785123066053078,75.0897216796875,192.82490455246418,0.22120602675603973,4.094741573834351,,5,12
COc1ccc(O)cc1C,83.51517281,149.7299225,C=CC1(C#N)C(=O)Oc2cc(O)c(O)c(CC)c21,1.158843939417377,75.0897216796875,195.85957483709754,0.22120602675603973,4.094741573834351,,5,13
COc1ccc(O)c(C)c1,76.20469296,143.2665798,Cc1c(O)c(OC=N)cc(OC2=C=CC=C2)c1NO,1.001452872671351,71.29720306396484,147.29008019828797,0.22153271399312002,4.515253587936708,,5,14
COc1cc(C)c(O)c(C)c1,74.32216596,141.8797849,COc1cc(CCCNO)c(O)c2c1C2,1.3517478464505577,71.78141021728516,173.3374334518075,0.24616576425466402,2.9626496023204005,,5,15
COc1c(C)c(C)c(O)c(C)c1C,76.10429152,141.2460008,C=CCCc1c(O)c(C=CO)c(C#CC#N)c2oc(C)cc12,1.0449641041855022,75.14514923095703,162.23846840745807,0.19734749736703508,3.8735594227605272,,6,1
COc1c(C)cc(O)c(C)c1C,,142.8586989,COc1c(C)cc(O)c(C#COC(O)CO)c1C=CO,1.1055708961118718,75.14515686035156,167.57254590058028,0.21950003718095346,4.267262456054386,,6,2
COc1cc(C)c(O)cc1C,75.37638108,140.1729604,COc1cc(CCCNO)c(O)c2c1C2,1.318898547798256,71.78141021728516,166.42555958367885,0.24616576425466402,2.9626496023204005,,6,3
COc1ccc(O)c(OC)c1C,75.59600923,148.9141608,CCCCOc1c(O)c(O)c(OC)c2c1CCO2,1.2528515293932119,73.72856903076172,173.74500284249783,0.2533194819641846,2.7191945029149913,,6,13
COc1cc(C)c(O)c(OC)c1,77.33420916,151.0163159,C=COc1cc(C=C(O)CO)c(O)c(OCCC)c1C,1.160096939046939,73.4102554321289,164.7575997831106,0.23277200085201655,3.354785026160668,,6,14
COc1cc(OC)c(O)cc1C,76.53727273,154.9758977,Cc1cc(O)c(OC(O)=CN)cc1O,1.9461878530015952,58.113861083984375,169.1175107779801,0.24763447244511455,3.108876843488395,,7,0
COc1c(C)c(C)c(C)c(O)c1C,76.32391967,144.9734043,CCc1c(O)c(C=CO)c2c(c1OC)CC=C2,1.2431364740070578,75.36418151855469,165.27631490289272,0.24640569778507176,3.5880813117914556,,7,10
COc1c(C)c(C)cc(O)c1C,,148.5188301,C=Cc1c(O)c(CC)c2c(c1C1=CO1)C(=CO)OCO2,1.2248817203110278,69.00286865234375,150.85898858988583,0.21744677719541028,3.935917473713115,,7,11
Cc1cccc(O)c1N(C)C,76.26744386,134.7324574,NC1C=Cc2cc(O)c(O)c3c2N1CO3,1.1769504457770894,74.21092224121094,156.56638614143134,0.21867819245661554,4.170339486426572,,2,9
Cc1ccc(C)c(N(C)C)c1O,74.673571,133.2201607,Cc1cc(N)c(C)c(N(C=C(O)O)CN)c1O,1.7080052188699284,59.31874465942383,146.45829268412442,0.24401035349485412,3.6355053930293675,,2,12
Cc1ccc(O)c(N(C)C)c1C,75.84701283,133.4711643,C=Cc1cc(N)c(O)c(N(C=C(N)O)CCO)c1C=N,1.5424995478861148,61.94482421875,159.56262540936171,0.22394385569182956,4.0855831393682145,,3,1
COc1[c-]c(C(C)(C)C)c(O)cc1C(C)(C)C,,,C=C(O)Oc1[c-]c(C(C)(C)CN)c(O)cc1C(C)CO,1.3469988343535375,72.65033721923828,148.83268843242527,0.2507694656469156,4.663340168085944,,4,3
COc1cc(C(C)(C)C)cc(OC)c1O,77.93034271,140.6373171,Cc1cc2c(C(C)(C)CN)cc(O)c(O)c2o1,1.4164964191904954,71.6804428100586,167.63904598867595,0.19838744731011987,2.971515812609786,,4,5
COc1c(C)cc(O)cc1C,80.44037871,144.119992,C=C(CC#N)c1cc(O)c(O)c2ccoc12,1.2089521377125696,74.96762084960938,169.53173911196888,0.19027510425878455,3.301493580243437,,6,4
COc1c(C)cc(C)c(OC)c1O,80.33370218,149.1714395,CC(C)COc1c(CONO)cc2ccoc2c1O,1.307904857031383,72.89640045166016,174.76632144951523,0.205080270008113,3.13812296384382,,6,5
COc1cc(C)c(O)c(OC)c1C,74.51669375,146.5923775,C=COC(C)(Oc1cc(C)c(O)c2c1CCO2)N(C)O,1.1269419765742996,75.90052795410156,169.5230114908576,0.21502011136060134,4.138775276567207,,6,11
COc1c(C)ccc(O)c1C,79.71874336,150.1252532,Cc1c(ON)c(N)c(O)c2ccoc12,1.308428077601821,72.33255767822266,159.197286598593,0.1957613708413111,3.1630955654492237,,7,1
COc1cc(O)c(C)cc1C,77.4346106,144.1450924,CCc1cc2ccoc2c(NCNCN)c1O,1.0671579120679628,75.3398666381836,152.3263986673564,0.20971529300882275,3.2413415818405555,,7,4
COc1ccc(C)c(O)c1,79.6308921,149.140064,C=Nc1c(O)c(CC)cc(O)c1OCCCO,1.179174018261424,73.62801361083984,172.31842612833978,0.2455331089163817,3.029606046723499,,7,7
COc1cc(O)cc(C)c1C,80.77295848,,CNCC1(c2c(OC)cc(O)c(O)c2C)N=C1O,1.0000082688683503,75.48485565185547,158.51972588805853,0.21493260817974214,3.6561076949472797,,7,8
COc1c(C)c(C)cc(O)c1C,,148.5188301,Cc1c(CO)c(N)c(O)c2ccoc12,1.2633448613135712,71.41114044189453,156.86763442703187,0.1971167866360598,2.9820206666637983,,7,11
COc1cc(O)c(C)c(C)c1C,77.30283371,141.5283799,C=CN(C)c1c2oc(O)cc2c(C)c2c(O)coc12,1.4403275601648442,64.66722869873047,151.71778678214253,0.18480116595140728,3.8486459849446355,,7,14
CN(C)c1ccc(C(C)(C)C)cc1O,71.99410757,128.9719248,CN(C=N)c1ccc(C(C)(C=CNONO)CN)cc1O,1.1640709628396042,73.09263610839844,146.6961614236921,0.2427022218840464,4.74411511240416,,0,1
Cc1cc(N(C)C)ccc1O,71.05284407,126.3175617,CC(=C=CNc1c(N(C)C)ccc(O)c1C)NON,1.2162054682944683,69.13864135742188,146.9635119148001,0.22725879352251482,3.848275187868408,,0,7
Cc1c(N(C)C)cc(O)cc1N(C)C,79.28576215,133.0444582,C#CCCN(C=N)c1cc(O)c(N)c(-n2cncc2OC)c1C,1.1614908057255726,73.91353607177734,171.70057598161102,0.1971232315950743,4.015585926819987,,0,15
Cc1cc(O)cc(N(C)C)c1,81.87737432,134.8328588,Cc1cc(O)c(N)c(N(C)C)c1,1.3162984868995573,75.3401107788086,161.7117404256761,0.24571425987387507,2.5236150105393502,,1,2
Cc1c(O)cccc1N(C)C,81.48204365,137.3617201,C=CN(C)c1ccc(N)c(O)c1C,1.3711922094630828,73.41178131103516,166.94533722037076,0.24602880229708182,3.23365739706765,,1,3
Cc1cc(N(C)C)cc(O)c1C,78.48882572,130.6536489,COc1cc(NCC=O)c(O)c(CO)c1C,1.2945444619485529,75.14986419677734,172.3049439846009,0.24905715870053527,2.7954654699816057,,1,6
Cc1ccc(O)cc1N(C)C,80.37135272,136.6024342,COc1cc(N(C)C=C(NCCN)ON)c(CO)cc1N,1.4206917355667834,61.91394805908203,149.61883892095983,0.21845487930101712,3.487836332982777,,1,7
Cc1ccc(N(C)C)c(C)c1O,79.21046107,133.7786437,COCOC1C=C(NO)N(C)c2c(N)cc(C)c(O)c21,1.163348095470706,70.47738647460938,154.43863245715647,0.20624510440973293,4.181111174003103,,1,11
Cc1ccc(N(C)C)cc1O,79.4426394,132.4483246,COc1cc(N(C)C)c(NO)c(O)c1C,1.485164563872196,66.61197662353516,154.05467520243823,0.23815591303797892,2.7666337105198924,,1,12
Cc1cc(O)cc(N(C)C)c1C,79.93837151,135.5168436,C=C(CC(O)NC)N(C=N)c1cc(O)cc(C#CO)c1C#N,1.3611921155670097,68.7623519897461,186.3266432258591,0.2090070780399585,4.739692920935321,,1,14
Cc1cc(C)c(O)c(N(C)C)c1C,74.2970656,132.052994,C=C(O)N1C=CCc2c(C(=O)N(O)ONO)cc(C)c(O)c21,1.0863562174586014,72.96796417236328,153.01754426825195,0.2202214135964271,4.191066773092885,,2,5
Cc1cccc(O)c1N(C)C,76.26744386,134.7324574,CCCc1cc(C)c(N)c(O)c1N1CONC1=CO,1.4580306994317396,62.4472770690918,147.52139927022904,0.2213158605353108,3.845863440565937,,2,9
Cc1ccc(O)c(N(C)C)c1C,75.84701283,133.4711643,CN1C=CCc2c(CNO)c(O)cc(OC#CN)c21,1.1157852471529601,71.84151458740234,146.89804479107408,0.2400167742999915,4.142906998676913,,3,1
Cc1c(C)c(N(C)C)c(C)c(N(C)C)c1O,71.50465055,123.4310203,C=C=Cn1c(N)cc2c(N(C)C)cc(C)c(O)c21,1.2471611413375265,75.25401306152344,153.32962149802447,0.2085850885480013,3.6797365798380683,,3,5
Cc1cc(N(C)C)cc(N(C)C)c1O,65.6374414,119.0070819,C=CN(CC(C)=N)c1cc(N(C=N)C=C=CNO)cc(CN)c1O,1.250294077603574,68.50360870361328,149.58946575782298,0.21251014887742956,4.677145703398303,,3,7
Cc1cc(O)c(N(C)C)cc1N(C)C,69.45897121,122.1320767,Cc1cc(O)c(N(C)C(=CN)NO)cc1N1CC(O)NC1=CO,1.5252556658526868,61.54610061645508,146.38835591051281,0.20815841037580263,4.601267905927932,,3,10
COc1cc(OC)c(C(C)(C)C)cc1O,76.58747345,146.3915746,CC1(C)CNc2c(O)c(O)cc(OCO)c21,1.477676589670226,71.05398559570312,161.32540694054663,0.26022591754507335,3.4129105504825006,,4,1
COc1cc(C(C)(C)C)cc(C(C)(C)C)c1O,71.36659857,143.975665,C#CCC(C)(C#C)c1cc(C(C=C)CO)c(N)c(O)c1O,1.2413695599770136,75.33460235595703,154.90202556535004,0.24289901663854815,4.829906896197856,,5,7
COc1ccc(O)cc1C,83.51517281,149.7299225,Cc1c(O)cc(N)c(OC(=O)CO)c1CNO,1.254986106646614,71.84150695800781,184.07789456939102,0.21861820647132854,3.1862727356867104,,5,13
COc1cc(C)c(O)c(C)c1,74.32216596,141.8797849,Cc1c(N)c(OC(N)N(O)ON)cc(C=O)c1O,1.2012299313053576,71.8219985961914,165.9113941805482,0.23559986579112058,4.3531437014939245,,5,15
COc1cc(C)c(O)cc1C,75.37638108,140.1729604,COc1c(C(N)(O)ON(O)OCN)cc(O)c(C)c1O,1.0612947152157668,73.9102554321289,163.22949703532458,0.21340412980161427,4.318054369269376,,6,3
COc1c(C)cc(C)c(OC)c1O,80.33370218,149.1714395,COc1c(CN)cc(C=CNO)c(OC=N)c1O,1.3826790040276138,69.77881622314453,160.77828804967254,0.2297948846244444,3.7010082046418367,,6,5
COc1cc(C)c(O)c(OC)c1,77.33420916,151.0163159,Nc1c(OCO)ccc(O)c1O,1.4120630060639368,73.42305755615234,165.27671558035613,0.19043582820039293,2.6969454075616834,,6,14
COc1c(C)cc(O)c(OC)c1C,77.84876654,143.2603047,Cc1c(N)c(O)c(OC=N)c2c(CN)coc12,1.2823533157254097,74.03718566894531,170.69221410165875,0.19862041230548982,3.6961839731449038,,6,15
COc1cccc(O)c1C,82.08445229,158.4585727,COCCOc1ccc(N)c(O)c1C,1.2049690175419803,74.86597442626953,166.90011427393853,0.24170269091322716,2.1596575087690617,,7,3
COc1cc(O)c(C)cc1C,77.4346106,144.1450924,Cc1cc(C=CNC(O)=CC#N)c2c(c1O)ON=CO2,1.093426005279278,72.07344055175781,159.6452041411221,0.21819478712078483,4.356612223962866,,7,4
COc1cc(C)c(C)c(O)c1,79.39871377,146.9939833,C=C(CCO)c1cc(OC=N)c(N)c(O)c1C,1.1472748440543874,75.89020538330078,178.49835299023985,0.24155605206746078,3.7500542741482485,,7,5
COc1cc(O)cc(C)c1C,80.77295848,,C#COCOc1cc(O)c(N)c(C)c1C#C,1.1512570798173045,73.92044830322266,153.55007451330127,0.24759346076716376,3.7966905147043253,,7,8
COc1c(C)c(C)cc(O)c1C,,148.5188301,CCc1coc2c(C)c(COC=N)c(N)c(O)c12,1.1328219268903805,73.93992614746094,158.99717226001172,0.19757654995367305,3.6503849707328877,,7,11
Cc1cc(O)ccc1N(C)C,76.21724314,130.8419016,CN(C)c1ccc(O)c(N(O)c2cnc[nH]2)c1,1.2806090890678252,68.00635528564453,146.40770663891732,0.18615048408945817,3.1450839304493945,,0,10
Cc1cc(O)cc(N(C)C)c1,81.87737432,134.8328588,C=c1cc[nH]c1=C=Cc1cc(N(C)C)c(O)c(O)c1N,0.9457803632856998,73.65444946289062,146.381398692739,0.22556324463220823,4.156997846673489,,1,2
Cc1cc(N(C)C)cc(O)c1C,78.48882572,130.6536489,CN(C)c1ccc(C=CN=C2NCC=NO2)c(O)c1,1.0863778919404385,74.21202850341797,155.84929444115758,0.21623146233594898,3.9322361230116973,,1,6
Cc1cc(C)c(N(C)C)cc1O,77.96171816,132.962882,CN(C)c1ccc(C=CN=C2NCC=NO2)c(O)c1,1.1156919190716228,74.21202850341797,162.01730613121688,0.21623146233594898,3.9322361230116973,,1,13
Cc1cc(C)c(O)c(N(C)C)c1,70.36258417,129.2794042,C=CN(O)Cc1c(N)c(C=C=CNC)cc(N(C)C)c1O,1.1738657469873974,68.62147521972656,145.75080315397085,0.21667644530192393,4.363237851201401,,3,0
Cc1cc(N(C)C)cc(N(C)C)c1O,65.6374414,119.0070819,C#CN(C)c1cc(N(C=C)C(N)NC)cc(C=C(N)O)c1O,1.3488862070202803,68.24406433105469,160.68220483795108,0.21180149322859826,4.8030768259841,,3,7
Cc1cc(O)c(N(C)C)cc1N(C)C,69.45897121,122.1320767,CNC(C)n1c(C)cc2cc(O)c(N(CO)C(O)=CN)cc21,1.6362179137847208,59.17707443237305,150.22587971066534,0.1928981783943561,4.2008592833864284,,3,10
COc1[c-][c-]c(O)c(C(C)(C)C)[c-]1,,,COc1[c-][c-]c2c([c-]1)C1(C#CO2)CC1=C=CN(O)O,1.4831507251705405,68.86178588867188,190.5519688600272,0.21508435571171525,7.596721752029901,,4,2
COc1cc(C(C)(C)C)ccc1O,75.90348864,146.4480504,COc1cc(C2(C(=N)N(C)O)CC=NC2CO)ccc1O,1.127209545549807,71.49742889404297,149.50289949494302,0.19805882039517253,4.359354831420528,,5,5
COc1ccc(O)cc1C,83.51517281,149.7299225,Cc1c(OC(=C=N)C(=N)C=O)cc(ON)c(O)c1N,1.1932833694305458,71.140869140625,175.84536853834092,0.2270596870487708,4.239472635832209,,5,13
COc1cc(C)c(O)c(C)c1C,72.17608518,143.5050332,Cc1c(O)c(C#CO)cc(OC(N)=CN)c1CN(C)ON=O,1.2939030272556291,68.7623519897461,172.1682377136901,0.20422193875177413,4.41817655145012,,6,0
COc1c(C)c(C)c(O)c(C)c1C,76.10429152,141.2460008,Cc1c(O)c(C(=N)C#N)cc(OC#N)c1C(C)N(O)CN,1.389190689674154,70.83460235595703,187.02890504910798,0.2160681999517361,4.527926831211668,,6,1
COc1cc(C)cc(OC)c1O,,,COc1cc(C(N)(O)N(O)CO)ccc1O,1.2851109396661506,73.53591918945312,157.02830471532346,0.19257273556109425,3.502190007806152,,6,9
COc1cc(C)c(O)c(OC)c1,77.33420916,151.0163159,COc1cccc(C=C=CN(O)O)c1O,1.4743898901477455,68.48469543457031,155.2552134712249,0.22836099563776693,3.3800355578283066,,6,14
COc1cc(O)cc(C)c1C,80.77295848,,COc1cc(O)c(O)c(CNCO)c1C(C)N(O)CN,0.9658263726727374,73.43647003173828,148.8041324313879,0.22190271810848394,3.8951015949029593,,7,8
COc1c(C)c(C)cc(O)c1C,,148.5188301,Cc1cc(O)c(C)c(OC=O)c1C(C)N(C)O,1.4359835462078196,71.1115493774414,177.57479693522154,0.23014217461938968,3.7544885338787957,,7,11
Cc1c(C)c(N(C)C)c(C)c(C)c1O,74.02096164,128.4761927,C#Cc1cc(N(C)C=CO)c(CC#N)c(C)c1O,1.6332239861747082,65.63883209228516,168.9958663371712,0.25208608546090716,3.9000692721457604,,0,4
Cc1cc(N(C)C)c(C)cc1O,74.7363219,128.570319,C=CC(N)N(C)c1cc(C)c(O)c(NCC)c1CNCCN,0.9610967796405954,75.14932250976562,154.7421215812981,0.22802706119316776,3.878152373347315,,0,5
Cc1cc(O)ccc1N(C)C,76.21724314,130.8419016,Cc1c(O)c(N)cc(N(C)C=C2OC2=O)c1CC#N,1.1844178804270578,73.11576843261719,182.5930072571099,0.2381544894125303,3.587421251216825,,0,10
Cc1cc(N(C)C)c(C)c(C)c1O,73.12989886,127.5851299,C#Cc1cc(N(C)C=CO)c(CC#N)c(C)c1O,1.6151524247744224,65.63883209228516,175.59836978202762,0.25208608546090716,3.9000692721457604,,0,11
Cc1c(O)c(C)c(N(C)C)c(C)c1N(C)C,76.63139908,127.7922078,Cc1c(N(C)C)cc(O)c2ccn(C)c12,1.3612809620405593,75.0261001586914,155.7386813450575,0.20499504218498735,2.8306411957269937,,0,12
Cc1c(O)cc(N(C)C)c(C)c1N(C)C,77.50363659,128.5514937,Cc1c(N(C)C)cc(O)c2ccn(C)c12,1.3160619092175043,75.0261001586914,153.01860919060113,0.20499504218498735,2.8306411957269937,,0,14
Cc1ccc(O)cc1N(C)C,80.37135272,136.6024342,C#CCOc1nc2c(O)ccc(CON)c2n1C,1.0954626284152018,73.3795394897461,156.48392355802656,0.1818007603763373,3.3685735798380687,,1,7
Cc1cc(O)cc(N(C)C)c1C,79.93837151,135.5168436,C=C(OC1=CC1)c1c(N(C)C)cc(O)c(N)c1C,1.180544347968907,73.48170471191406,160.88124531969427,0.21984636331615345,3.514965016826613,,1,14
Cc1ccc(N(C)C)c(O)c1N(C)C,75.53953342,131.8898416,Cc1c(O)cc(N(C)C)c(O)c1N(C)C=C(O)C=O,1.1489788687789162,75.9417953491211,159.47028815392554,0.24162885484124133,3.6746429780614083,,2,1
Cc1cc(C)c(N(C)C)c(O)c1N(C)C,78.82140549,128.8526981,C=C1C(=CN(C)C=N)N1c1c(C)cc2cc[nH]c2c1O,1.133474076585766,75.53243255615234,150.33167402454467,0.2128892618602674,4.377880404772334,,2,2
Cc1cc(O)c(N(C)C)c(C)c1C,75.42030671,130.4904966,C#Cc1cc(O)c(N(C)C)c(C(=C=C=C=O)NC=N)c1C,1.1938302001716874,70.57012939453125,151.83746494812667,0.21716449753794562,4.5464892248277735,,2,6
Cc1c(C)c(N(C)C)c(C)c(N(C)C)c1O,71.50465055,123.4310203,Cc1c(O)c(N(C)C=CO)c2ccn3c#cc1c23,1.6374529555738628,65.63883209228516,159.5529775358945,0.2140394777347787,4.926888964453452,,3,5
COc1cc(OC)c(C(C)(C)C)c(C(C)(C)C)c1O,73.42482809,129.33588,C#COc1cc(OC)c(O)c(C(C)(C)C=COC)c1C(C)(C)CC#CO,1.374898807474144,69.62646484375,156.18280997702777,0.24501274094390957,4.092133168393427,,3,13
COc1cc(C(C)(C)C)c(O)c(OC)c1C(C)(C)C,73.36207719,146.9124071,C=NCC1(C=O)C#COc2c(O)c(N)cc(OCC)c21,1.2773917970998117,75.55126190185547,148.46867536235453,0.22525580481077354,4.9801604047723345,,4,0
COc1c(C(C)(C)C)cc(C(C)(C)C)c(OC)c1O,75.32618036,144.4023711,C#CCOc1c(C(C)(CO)C(O)=CNC)cc(C(C)(C=N)C=CN)c(OC)c1O,1.4509963823343515,65.82765197753906,151.98362459555418,0.22782626403379402,5.048183462022176,,4,6
COc1cc(C(C)(C)C)c(C(C)(C)C)c(C(C)(C)C)c1O,,,C#CC1(C(=N)C#N)C#CC(C)(C)c2c(C(C)(C)CC#CO)cc(OC=N)c(O)c21,1.5991624501217678,69.62646484375,202.18395279724152,0.2192108216427095,5.540093666766258,,4,10
COc1ccc(O)cc1C,83.51517281,149.7299225,CNc1cc(OC=CON(O)O)ccc1O,1.2754388302110038,71.7924575805664,166.9362755868286,0.18698593072799724,3.5442198040196615,,5,13
COc1ccc(O)c(C)c1,76.20469296,143.2665798,Cc1c(N(C=O)C=CO)ccc(O)c1O,1.5116214569295638,67.1546401977539,178.43688920480608,0.2476698460263592,3.579122734188532,,5,14
COc1cc(C)c(O)c(C)c1,74.32216596,141.8797849,C#CN=COc1cc(C#CO)c(O)c(C)c1NC,1.3327064936115598,68.76235961914062,168.37779523365944,0.24281910672571894,4.348403495065698,,5,15
COc1cc(C)c(O)cc1C,75.37638108,140.1729604,OC#CCOCc1cc(OC#CN=CO)ccc1O,1.108979785780987,70.15840911865234,151.92865480900855,0.20804895814737973,4.032510481986055,,6,3
COc1c(C)cc(O)cc1C,80.44037871,144.119992,C=CCOc1c(CON(O)C#N)cc(OC)c(N)c1C,1.1047403234156383,71.41114044189453,151.7893836525172,0.22998102374964988,3.4834978466734885,,6,4
COc1cc(O)cc(C)c1C,80.77295848,,C=C(O)c1c(OC)cc(O)c(N)c1C,1.3119725083958582,73.92044830322266,168.23813851960898,0.24273139664129692,2.830984431845984,,7,8
Cc1cc(N(C)C)c(C)cc1O,74.7363219,128.570319,C#COC(ON)N(C)c1cc(O)c(OC)c(C)c1NO,1.268621938932651,68.59703826904297,147.95305363753437,0.2266165247364148,4.429617995483511,,0,5
Cc1cc(N(C)C)cc(C)c1O,69.30209396,124.3597336,COc1ccc(N(C)CO)c(NO)c1C#CO,1.4792579458669248,68.35553741455078,163.98297272344232,0.22343863121398724,3.6274558794994185,,0,6
Cc1cc(N(C)C)ccc1O,71.05284407,126.3175617,C#COC(ON)N(C)c1cc(O)c(OC)c(C)c1NO,1.2035222257481903,68.59703826904297,149.39857799719422,0.2266165247364148,4.429617995483511,,0,7
Cc1c(O)ccc(N(C)C)c1C,74.95595005,129.5617832,COc1c(O)cc(N(C)C(=N)NO)c(C(C)=O)c1C,1.2955246733347976,71.67440032958984,170.19030441184938,0.24658869088666657,3.317983009458583,,0,8
Cc1cc(O)cc(C)c1N(C)C,77.34675934,131.1744814,COc1cc(C(N)ON)c(N(C)C)c(C)c1NO,1.193649789004783,71.29720306396484,145.6482207888484,0.22289994613883182,3.8463950926559534,,0,9
Cc1cc(O)ccc1N(C)C,76.21724314,130.8419016,C=C(O)Oc1ccc(N(C=O)CON)c(C)c1N,1.2166768802667023,72.62340545654297,175.76163382117153,0.23417077585581822,3.779365425991915,,0,10
Cc1c(O)cc(N(C)C)cc1N(C)C,79.43008922,126.6313162,C#Cc1c(O)cc(N(C)C)c(NO)c1N(C#N)CC=C,1.4338701547127515,67.87285614013672,152.96261125056446,0.21383322305314098,3.9203723991650223,,0,13
Cc1c(O)cc(N(C)C)c(C)c1N(C)C,77.50363659,128.5514937,C#Cc1oc2cc(N(C#COC)C=N)c3c(c2c1O)N(C)CC3,1.1190907762246105,72.9801254272461,147.32678170412183,0.19209802497147976,4.462429917204602,,0,14
Cc1c(N(C)C)cc(O)cc1N(C)C,79.28576215,133.0444582,CN(CO)c1cc(O)c(NC=N)c2c1CCN2C,1.1599027384528886,75.19485473632812,151.85998398374616,0.21808599200767134,3.9094662894142065,,0,15
Cc1ccc(O)c(C)c1N(C)C,79.0033831,136.2133786,COC(ON)N(C(=O)O)c1ccc(N)c(O)c1CO,1.2428875831896768,73.41178131103516,173.42312860202045,0.2112835325838454,3.925932014443876,,1,1
Cc1cc(O)cc(N(C)C)c1,81.87737432,134.8328588,Cc1cc(O)c(N)c(N(C)C)c1,1.2815894525010352,75.3401107788086,154.40855656210482,0.24571425987387507,2.5236150105393502,,1,2
Cc1c(O)cccc1N(C)C,81.48204365,137.3617201,COC(ON)N(C(=O)O)c1ccc(N)c(O)c1CO,1.1600984123346307,73.41178131103516,170.3495719853848,0.2112835325838454,3.925932014443876,,1,3
Cc1cc(N(C)C)c(C)c(O)c1C,78.36332392,,CNC(=N)N(C=CO)c1ccc(C)c(O)c1CO,1.263564709156487,70.04276275634766,154.07450942414553,0.2132430756362683,3.6954519644534543,,1,4
Cc1cc(O)c(C)c(N(C)C)c1,80.76668339,135.4415426,COC(ON)N(C(=O)O)c1ccc(N)c(O)c1CO,1.2317826952759967,73.41178131103516,171.0865312398821,0.2112835325838454,3.925932014443876,,1,9
Cc1ccc(N(C)C)c(C)c1O,79.21046107,133.7786437,COC(ON)N(C(=O)O)c1ccc(N)c(O)c1CO,1.221571760585204,73.41178131103516,168.93803201603293,0.2112835325838454,3.925932014443876,,1,11
Cc1ccc(N(C)C)cc1O,79.4426394,132.4483246,COc1cc2c(ncn2C)c(NO)c1CON,1.2137502262228708,70.46302032470703,152.57180089923145,0.20221096999840898,3.1778904770942393,,1,12
Cc1cc(O)c(N(C)C)c(C)c1C,75.42030671,130.4904966,C#Cc1cc(O)c(O)c(N2C=C2C)c1CON,1.2171348051478965,75.6393051147461,166.11743174163104,0.2241174093179818,4.247686575836838,,2,6
Cc1cccc(O)c1N(C)C,76.26744386,134.7324574,C#Cc1cc(O)c(N)c(ON=C)c1N(C)C(=O)OC,0.9554044185174242,75.98749542236328,148.4919881929487,0.21839993999635185,3.8210363281399014,,2,9
Cc1ccc(C)c(N(C)C)c1O,74.673571,133.2201607,C=C(O)N(C)c1ccc(N)c(CO)c1O,1.254941437204433,75.5293197631836,167.09703109639884,0.23008268178579097,3.248778089218118,,2,12
Cc1cc(C)c(N(C)C)c(O)c1C,74.43511758,130.3775449,C#Cc1c(C)c(N)cc(N(C)CC)c1O,1.2671240397537338,74.94043731689453,162.78743570663036,0.2536006615694999,3.2319851898098344,,2,14
Cc1cccc(N(C)C)c1O,71.63015235,131.638838,C=C(O)N(C)c1ccc(N)c(CO)c1O,1.197543244645609,75.5293197631836,166.97499010173678,0.23008268178579097,3.248778089218118,,3,3
Cc1c(C)c(N(C)C)c(C)c(N(C)C)c1O,71.50465055,123.4310203,COC(=O)n1ccc2c3c(c(C)c(O)c21)CC(=O)N3C,1.2530503745264119,75.6712417602539,167.86793453600407,0.20957502221398028,3.2070414364170787,,3,5
COc1ccc(C(C)(C)C)c(OC)c1O,74.62337028,151.6877506,CONc1cc2c(c(O)c1OCN)OC#CC2(C)C(N)=O,1.3843194239607046,70.01036071777344,161.14203720868676,0.22271347863959676,5.008778270298897,,4,8
COc1ccc(C(C)(C)C)cc1O,76.38667057,145.7766158,C#COC(C)C(CC=N)c1ccc(OC#CO)c(O)c1,1.4427959342293502,69.64122009277344,180.38716339084058,0.22136821822046313,4.874139630597684,,4,15
COc1c(O)cccc1C(C)(C)C,77.67306402,145.4314858,CCC1(C)CNc2c(C(CNO)NO)cc(O)c(OCN)c21,1.1304745789470005,71.34200286865234,148.90988241645695,0.23226900193300118,4.7897420175678285,,5,2
COc1c(O)ccc(C(C)(C)C)c1C(C)(C)C,73.93311038,141.0765734,CCC1(C)CCC2(C(=O)C2=C(O)C#CO)c2ccc(O)c(OC)c21,1.3837032778435374,68.77420806884766,161.76515458025187,0.20670273252508134,5.040771931740151,,5,3
COc1cc(C(C)(C)C)ccc1O,75.90348864,146.4480504,C=C=CCOc1cc(C2(C(N)ON(C)O)CC2)cc(N)c1O,1.1244274681130177,71.32734680175781,147.51679938298614,0.22106437440581642,4.451251721456833,,5,5
COc1c(C(C)(C)C)ccc(C(C)(C)C)c1O,75.18185329,144.0697913,CNC1=COCC1(C)c1c(O)c(N)cc(OCO)c1O,1.2244313165892144,75.34114074707031,154.48615809628367,0.22446855594850865,4.2537137381056676,,5,8
COc1ccc(O)cc1C,83.51517281,149.7299225,Cc1c(O)ccc(OCNO)c1COC1(N)C=N1,1.0021496042928297,73.53241729736328,160.58459760860504,0.2082272643266194,4.117366848559625,,5,13
COc1cc(C)c(O)c(C)c1C,72.17608518,143.5050332,C#Cc1cc(OC#CO)c(C)c(CN(O)O)c1O,1.465721378587639,69.6412124633789,180.4901069154948,0.21283006987419636,4.294624079838069,,6,0
COc1cc(C)c(O)cc1C,75.37638108,140.1729604,C#Cc1cc(O)c(C)c(NO)c1OC(N)=C=CCO,1.1837989942302776,72.55689239501953,168.29597352801562,0.2159244464306972,4.136712291940807,,6,3
COc1c(C)cc(C)c(OC)c1O,80.33370218,149.1714395,C#COc1c(OCO)cc(O)c2c(O)c(C)oc12,1.2146161506514284,74.0420913696289,156.4799291542232,0.18476125121701026,3.558545410293327,,6,5
COc1ccc(C)c(OC)c1O,,,COc1cc(OC#CO)c(O)c(OCN)c1CO,1.3534665961914019,69.6412124633789,156.8703972459048,0.23682207376311454,3.670122804327864,,6,6
COc1c(C)c(C)c(C)c(OC)c1O,,,C#COc1cc(C(O)NO)c(CC)c(OC=N)c1O,1.2998035797025471,74.10674285888672,168.57820097403228,0.23423964626283902,4.51612486512261,,6,7
COc1cc(C)c(C)c(OC)c1O,,,COCc1cc(OC(C)=CONO)c(O)c(OCN)c1C,1.1753910931502438,72.8733139038086,158.83288797096313,0.23206101208460755,3.7003407864240723,,6,8
COc1cc(C)cc(OC)c1O,,,COc1c(N)c(CON)cc(OC(O)=CNO)c1O,1.7880740424849515,58.113861083984375,162.14998054219782,0.22600457625546272,3.710899622257549,,6,9
COc1c(C)c(C)c(O)c(OC)c1C,77.30283371,150.5268589,COc1c(O)cc(C#CCO)c(OC(O)=CN)c1C,1.91328968063373,58.13545227050781,166.1305187060535,0.24264697798915272,3.467248038547142,,6,10
COc1cc(C)c(O)c(OC)c1,77.33420916,151.0163159,C#Cc1cc(OC(C)OC)c(NO)c(OCN)c1O,1.1306255132740477,71.31774139404297,150.09062666873635,0.2182661936110586,4.144491380959713,,6,14
COc1c(C)ccc(O)c1C,79.71874336,150.1252532,COC#COc1ccc(N)c(O)c1CCO,1.478360609143546,69.6412124633789,177.57045202454626,0.24500337906046465,3.4161397340895903,,7,1
COc1cc(C)c(C)c(O)c1,79.39871377,146.9939833,C=CCOc1cc(O)c(CNO)c(C)c1N,1.2464589927443737,71.84151458740234,156.4605103862494,0.2415624442702761,3.122753126511123,,7,5
COc1cc(C)cc(O)c1C,81.29379095,156.7642984,C#Cc1cc(OCO)c(C=CO)c(O)c1C=C,1.1667716767093879,75.14515686035156,166.90066821224988,0.24149169139959856,3.8391394915395534,,7,6
COc1cc(O)cc(C)c1C,80.77295848,,COc1cc(O)c(NO)c(C)c1CCN,1.5037650056028848,66.28346252441406,155.26293149509132,0.26151192081297375,2.8434073495731464,,7,8
COc1cc(C)cc(O)c1,82.3919317,152.064256,C#Cc1cc(OC)c(NC)c(O)c1NO,1.4569713011285668,67.75794219970703,161.38580202365517,0.23123246867570005,3.2741646572654552,,7,12
Cc1cc(O)cc(C)c1N(C)C,77.34675934,131.1744814,Cc1cc(O)c(N)c2ccn(C#N)c12,1.3686813694427622,74.41094207763672,177.43520860437454,0.19158033140056197,3.4003056869067123,,0,9
Cc1ccc(N(C)C)c(O)c1N(C)C,75.53953342,131.8898416,C=C=NC1=C(C(O)O)N1c1ccc2cc3c(=O)n3c2c1O,1.0246323365593393,75.53919219970703,148.7774286186248,0.1945143991190126,4.587758195932604,,2,1
Cc1cc(O)c(N(C)C)c(C)c1C,75.42030671,130.4904966,Cc1c(C=O)c(CONO)c2ccn(C(N)O)c2c1O,1.2127857926655392,72.89640045166016,170.93767440771163,0.1955955464162041,4.271734250926181,,2,6
Cc1cc(N(C)C)c(O)c(C)c1C,69.77272571,126.2987364,C#Cc1c(CONCO)cc(NC=CO)c(OC)c1C=C,1.3569377802719313,67.01099395751953,148.75301959497034,0.22820255822928598,4.038860066055512,,2,13
COc1cc(C(C)(C)C)c(O)c(OC)c1C(C)(C)C,73.36207719,146.9124071,CC=COc1cc(C(C)(C)C#N)c(O)c2c1C(C)(C=C=C=CO)CC(C=O)O2,1.2655174920896173,70.10057830810547,145.37801538490504,0.2196886662962492,5.300618350792723,,4,0
COc1c(O)cc(C(C)(C)C)cc1C(C)(C)C,76.12311679,142.934,C#CC(C=O)(C(=N)O)c1c(N)c(C(C)(C)C(C)=O)cc(O)c1OC(=C)O,1.1979895806441703,72.77387237548828,161.81682822766453,0.225367078407619,4.60908081213127,,4,14
COc1c(O)cccc1C(C)(C)C,77.67306402,145.4314858,CNOC1CC1(C#N)c1cc(N)cc(O)c1OC=CO,1.3227485702286224,72.11327362060547,179.53288914267122,0.2239790095598482,4.835179071157124,,5,2
COc1c(O)c(C(C)(C)C)cc(C(C)(C)C)c1C(C)(C)C,70.16805638,137.700575,CC(C)(C#N)c1cc2c(c(OC=C3NO3)c1O)C1(C=CC2(C)CC=N)CC1,1.727719793171366,62.88964080810547,171.24759327114822,0.2316581919311053,5.4694298908211,,5,4
COc1cc(C(C)(C)C)cc(C(C)(C)C)c1O,71.36659857,143.975665,COc1c(O)c(C2(C)CC2)cc(C(C)(C=O)C(N)=C(O)NCO)c1NO,1.2697253319655124,71.70606231689453,165.02257713651508,0.22049995247836138,4.4478857278038335,,5,7
COc1c(C(C)(C)C)ccc(C(C)(C)C)c1O,75.18185329,144.0697913,CC(C)(C#CNO)c1cc2c(c(OC=CO)c1O)C1(CC1)C(=O)O2,1.3232722763144187,71.50129699707031,165.32025678107144,0.21970852580058559,4.779689247690442,,5,8
COc1ccc(O)cc1C,83.51517281,149.7299225,Cc1c(OC=C(O)NO)ccc(O)c1NC=O,1.5936570853145047,62.87148666381836,170.9446151310444,0.2511907245871822,3.508005712275339,,5,13
COc1cc(C)c(O)c(C)c1,74.32216596,141.8797849,Cc1c(N)c(OC2=CO2)cc(C(N)OC=CO)c1O,1.1666409965733053,71.12256622314453,162.43743810055852,0.21434132676542142,4.531339344760617,,5,15
COc1c(C)cc(O)cc1C,80.44037871,144.119992,C#COc1cc(O)cc(OC(=C)O)c1C,1.2013741328542034,72.62340545654297,153.41342975291013,0.2372603787009381,3.410743118803916,,6,4
COc1c(C)cc(C)c(OC)c1O,80.33370218,149.1714395,CC(O)NOCc1cc2c(c(O)c1OC=CO)OCC2=N,1.1725090857206992,72.11327362060547,156.0135113779053,0.22842448407084376,4.66319364095365,,6,5
COc1c(C)c(C)c(O)c(OC)c1C,77.30283371,150.5268589,OCOc1cc2ccoc2c2c1OC(O)=CC2,1.2574531631227066,75.06382751464844,167.54929526777417,0.21227300352247833,3.544976785922189,,6,10
COc1cc(C)c(O)c(OC)c1C,74.51669375,146.5923775,NC(O)=COc1c(O)c(O)cc2c1CC(C=O)O2,1.67898987406886,62.8896484375,170.4358619663775,0.23031722778733577,4.215603897225245,,6,11
COc1cc(OC)c(O)c(C)c1C,76.08546625,110.8306396,CC1Cc2c(cc(OC=CO)c(O)c2C#N)O1,1.4586653074672857,72.11327362060547,183.8530859907791,0.237547140663633,4.0198606511232535,,6,12
COc1cc(C)c(O)c(OC)c1,77.33420916,151.0163159,C=COC(C)=C(O)Oc1cc(OCO)c(OC=N)c(C)c1N,1.6527674573230273,59.6596794128418,172.7120116693765,0.22970937489593615,3.990938220289755,,6,14
COc1c(C)cc(O)c(OC)c1C,77.84876654,143.2603047,OCOc1cc2ccoc2c2c1OC(O)=CC2,1.216140086886624,75.06382751464844,169.2615141208768,0.21227300352247833,3.544976785922189,,6,15
COc1cc(OC)c(O)cc1C,76.53727273,154.9758977,NC1=CCc2cc(O)c(OC=C(O)CCO)cc2O1,1.1865457675903015,73.05216979980469,162.99013486157506,0.24070729973044103,3.7405220930165335,,7,0
COc1c(C)ccc(O)c1C,79.71874336,150.1252532,C=C(O)Oc1c(C(NCC=N)ON=O)ccc(O)c1C,1.0795157237832407,72.77387237548828,157.70467507703006,0.20808792594432413,4.495811174003104,,7,1
COc1cc(C)c(C)c(O)c1,79.39871377,146.9939833,Cc1ccc(OC=C(N)O)cc1ON,1.6403401866334755,62.8896484375,165.61419115661084,0.22554993381577665,3.033112974356105,,7,5
COc1cc(O)cc(C)c1C,80.77295848,,C#COc1c(C)c(C(O)NO)cc(ON)c1O,1.1246028997452073,74.10674285888672,159.04012687716784,0.2227346411701215,4.4185450373753,,7,8
COc1c(C)c(C)c(C)c(O)c1C,76.32391967,144.9734043,Cc1c(O)cc(OC=CO)cc1C=CNO,1.3769179406162944,72.11327362060547,166.65249079067112,0.2455853449340147,3.7114435802434365,,7,10
Cc1c(C)c(N(C)C)c(C)c(C)c1O,74.02096164,128.4761927,C=Cc1cc(O)c(C=CO)c(C)c1NC=C=O,1.2931572351195337,75.14515686035156,168.21693766473533,0.23720722489623913,4.0817843075930655,,0,4
Cc1cc(N(C)C)c(C)cc1O,74.7363219,128.570319,CCc1c(N(C#CN)C=N)cc(CO)c(O)c1N,1.132325062930329,75.76936340332031,169.57546381334066,0.24044356693285845,4.155239464453453,,0,5
Cc1c(N(C)C)cc(O)cc1N(C)C,79.28576215,133.0444582,Cc1ccc(O)c(N)c1N(C)C=CCN,1.385409429661955,73.3795394897461,158.05764855517148,0.22394131241884732,3.2797446572654554,,0,15
Cc1c(N(C)C)cc(N(C)C)c(C)c1O,79.02220837,128.915449,C=C(CO)N(C=C(C)O)c1cc(N(C=N)CC)c(C)c(O)c1CO,1.2261959652350143,70.04276275634766,145.67217484083773,0.2122940657161141,4.214525111682327,,1,0
Cc1cc(N(C)C)c(C)c(O)c1C,78.36332392,,Cc1c(CO)cc(N(C=N)C(O)=CO)c(CCC(O)C#N)c1O,1.5046454116067163,64.43867492675781,174.83347994071542,0.22822799164291196,4.465569703918412,,1,4
Cc1cc(N(C)C)cc(O)c1C,78.48882572,130.6536489,COc1cc(N(C=N)C(C=O)=C(N)N)cc(C)c1CNO,1.2369607367629474,71.84150695800781,176.77828725045026,0.22208980535843853,3.8075941698827194,,1,6
Cc1ccc(O)cc1N(C)C,80.37135272,136.6024342,Cc1c(O)cc(OCCC=O)c(O)c1N(C=N)C(O)=CO,1.2358195855212073,67.1546401977539,153.87954753658175,0.2316154391538366,3.864259554498103,,1,7
Cc1c(O)cc(N(C)C)c(C)c1C,76.72552543,131.9337672,CCc1c(OC)cc2c(c1C)CC=C(O)N2,1.341490118993352,73.15274047851562,159.66588748290837,0.2558716849721299,3.178165258565115,,1,10
Cc1cc(C)c(N(C)C)c(C)c1O,76.8698525,133.0193578,CCCC(=O)c1c(O)c(CO)cc(C)c1NCNC=CO,1.5254550116171466,64.87071990966797,166.584678707245,0.22918136692301616,3.460496252011117,,1,15
Cc1cc(C)c(O)c(N(C)C)c1C,74.2970656,132.052994,CCc1cc(C)c(C=CN)c(NC=CO)c1O,1.567481713090031,67.01099395751953,168.77564493133724,0.2527617119541883,3.69577460859641,,2,5
Cc1ccc(O)c(N(C)C)c1,71.90625631,130.8544518,Cc1cc(O)c(NC=CO)cc1CCO,1.4568622212064786,67.01099395751953,160.94982302009166,0.24686941868298576,3.0258036628939724,,2,7
Cc1cccc(O)c1N(C)C,76.26744386,134.7324574,Cc1c(O)cc(OCCC=O)c(O)c1N(C=N)C(O)=CO,1.3281809898569226,67.1546401977539,173.31345946903528,0.2316154391538366,3.864259554498103,,2,9
Cc1ccc(C)c(N(C)C)c1O,74.673571,133.2201607,Cc1ccc(C=O)c(O)c1N(C=N)C(O)=CO,1.6207573717328505,65.32715606689453,177.582874744083,0.22743571574095356,3.7550081203020955,,2,12
Cc1cc(C)c(N(C)C)c(O)c1C,74.43511758,130.3775449,COc1c(C)c(CO)cc2c(O)cn(C=C(C)O)c12,1.1919423570410617,74.35114288330078,162.34706162180007,0.20452140289981363,3.3902362738412597,,2,14
Cc1ccc(N(C)C)c(O)c1,72.25138626,129.7123854,Cc1ccc(NCCC(=O)O)c(O)c1N,1.4665885564722123,68.39470672607422,164.82782142946422,0.2315879479474959,2.331373118803917,,2,15
Cc1cc(C)c(O)c(N(C)C)c1,70.36258417,129.2794042,C=COCc1cc(C)c(O)c(NC=CO)c1,1.5274348348731153,67.01099395751953,163.04690151129068,0.23531379668641564,3.3381292445791013,,3,0
Cc1c(C)c(N(C)C)c(C)c(N(C)C)c1O,71.50465055,123.4310203,C=Cc1cc2cc(O)n(C)c2c(OC)c1C,1.7337592577661836,66.0440902709961,160.1406937133938,0.21065471760779805,3.190238636350121,,3,5
COc1c(C(C)(C)C)c(O)c(C(C)(C)C)c(OC)c1C(C)(C)C,72.09450901,,CCCC(C)(C=O)c1c(O)c(C2(CNO)C=C2)c2c(c1OC)C(C)(C)CC(N)(CC)O2,1.2664190135093265,71.19856262207031,146.42485639034658,0.21533219321542119,5.01155489681649,,5,9
COc1ccc(O)cc1C,83.51517281,149.7299225,COc1cc(CO)c(O)c(N)c1C,1.2284417069221039,75.64691925048828,167.74996629374027,0.2479988803712797,2.4829067183346165,,5,13
COc1ccc(O)c(C)c1,76.20469296,143.2665798,COc1cc(CNO)c(O)c(N)c1C,1.3140587404251711,71.67794799804688,174.11930432016254,0.24324015238988667,2.785400752012304,,5,14
COc1c(C)cc(O)c(C)c1C,,142.8586989,CNC(N)ON=COc1ccc(O)c(C=O)c1C=CO,1.0868526200601298,75.14515686035156,163.6340032708615,0.21901484071978225,4.532350614562545,,6,2
COc1ccc(O)c(OC)c1C,75.59600923,148.9141608,CCOc1cc(N)c(O)c(OC(=O)CCN)c1C,1.1473538113489283,75.93931579589844,174.1373375550896,0.23905260207441267,2.658954849068838,,6,13
COc1c(C)cc(O)c(OC)c1C,77.84876654,143.2603047,CCCCCOc1c(O)c(N)c(C)c(OC)c1CO,1.1238802069316631,75.91532135009766,164.95423413826822,0.24821215739231953,2.6495376313073233,,6,15
COc1cc(O)cc(C)c1C,80.77295848,,COc1cc(O)c(O)c(C)c1CO,1.3022074057598874,75.1502914428711,166.74771182421446,0.2599729651252831,2.4348442748957027,,7,8
COc1cc(C)cc(O)c1,82.3919317,152.064256,COc1cc(O)c(O)c(C)c1CO,1.2428056408444077,75.1502914428711,166.682304149203,0.2599729651252831,2.4348442748957027,,7,12
COc1cc(O)c(C)c(C)c1C,77.30283371,141.5283799,Cc1c(C=CO)c(O)cc(OCCN)c1C=N,1.1954597775362297,75.14515686035156,168.9519093390882,0.23615518437451466,3.6123786219743357,,7,14
Cc1c(O)cccc1N(C)C,81.48204365,137.3617201,C=COCc1ccc(N(C)CN)c(C=C)c1O,1.1501887007250458,72.8447494506836,163.59463722553252,0.22885613342936015,3.5224809631114598,,1,3
Cc1ccc(O)cc1N(C)C,80.37135272,136.6024342,Cc1cc(C(=N)O)c(N(CNO)C(=N)O)cc1O,1.296006974732748,71.70711517333984,175.34329287321864,0.21635572143742685,3.7293417762374146,,1,7
Cc1c(O)cc(N(C)C)c(C)c1C,76.72552543,131.9337672,CC=C(O)c1cc(C)c(O)c(CCO)c1C=NC,1.2132623796215414,75.14515686035156,169.32580257933736,0.2187697008833023,3.500351002914993,,1,10
Cc1cc(C)c(N(C)C)c(C)c1O,76.8698525,133.0193578,CC(=CO)c1cc(CO)c(O)c(C(=N)O)c1,1.4933628899560019,71.52012634277344,174.12983773893268,0.20370117826193224,3.2945221017219577,,1,15
Cc1ccc(N(C)C)c(O)c1N(C)C,75.53953342,131.8898416,C=C(OC)N(C)c1ccc(C)c(C=N)c1O,1.3630276959512537,75.5293197631836,171.05288395471274,0.23936362057517022,3.5516418819417375,,2,1
Cc1cccc(O)c1N(C)C,76.26744386,134.7324574,Cc1cc(N)c(O)c2c1COC(C)N2CN,1.146544790904831,74.61088562011719,153.46259968162775,0.21956269039824866,4.043805392421536,,2,9
Cc1ccc(N(C)C)c(O)c1C,,138.4975114,CN=CN(CN)c1ccc(C=C(N)O)c(C)c1O,1.3449619955530847,68.24405670166016,152.3417419338584,0.23317774690831847,3.907696195222684,,2,10
Cc1c(C)c(C)c(N(C)C)c(O)c1C,73.24912557,129.0786013,C=CCc1c(C)cc(N(C=N)CN)c(O)c1C=CNC,1.1845006871302566,74.25801849365234,160.59237164484412,0.2399896961648022,4.1154029748786165,,2,11
Cc1ccc(C)c(N(C)C)c1O,74.673571,133.2201607,CC(=CO)c1ccc(C)c(O)c1C,1.5361875119957469,71.35443878173828,174.35775002153218,0.23698514044324992,2.771375044126472,,2,12
Cc1cc(N(C)C)c(O)c(C)c1C,69.77272571,126.2987364,C=CCc1c(C)cc(N(C=N)CN)c(O)c1C=CNC,1.1307045302667917,74.25801849365234,160.83411314171255,0.2399896961648022,4.1154029748786165,,2,13
Cc1cc(O)c(N(C)C)cc1C,71.29757258,127.6227804,C=CCc1c(C)cc(N(C=N)CN)c(O)c1C=CNC,1.0512233246973617,74.25801849365234,157.59826840702743,0.2399896961648022,4.1154029748786165,,3,2
COc1cc(OC)c(O)c(C(C)(C)C)c1,76.556098,136.0063007,CCC(C)(CC)c1cc(O)c(N)c(OC)c1O,1.2734732679139633,75.66292572021484,159.8226506504804,0.2737008505947633,3.0938658825398573,,3,12
COc1ccc(O)c(OC)c1C(C)(C)C,74.41001722,141.5848557,COc1c(O)c(C)cc(OC=O)c1C(C)(C)C(O)=CO,1.4831776512271206,69.152587890625,171.37186926257016,0.24474404197702163,3.46060573621984,,3,14
COc1[c-]c(C(C)(C)C)c(O)cc1C(C)(C)C,,,CC(C)(C#N)c1[c-]c(OCNO)c(N)cc1O,1.4107856004407995,73.53241729736328,157.1414211864844,0.2633726251375255,4.564238889532864,,4,3
COc1[c-]c(C(C)(C)C)c(O)c(C(C)(C)C)c1,,,CC(C)(C#N)c1[c-]c(OCNO)c(N)cc1O,1.4053000381497895,73.53241729736328,155.98719518450648,0.2633726251375255,4.564238889532864,,4,4
COc1cc(C(C)(C)C)cc(OC)c1O,77.93034271,140.6373171,CC=C(O)Oc1c(C)c(C(C)(C)C(=O)C=N)cc(OC)c1O,1.3652959200051977,72.77387237548828,183.40515573378502,0.24326353407021226,3.6382812519235994,,4,5
COc1c(C(C)(C)C)cc(C(C)(C)C)c(OC)c1O,75.32618036,144.4023711,C=C(NO)C(C)(C)c1c(N)cc(OCO)c(O)c1O,1.5221511593837052,70.81444549560547,152.6529013167143,0.24751028937590425,3.5799268085166682,,4,6
COc1c(O)ccc(C(C)(C)C)c1C(C)(C)C,73.93311038,141.0765734,C=C(NO)C(C)(C)c1c(OC(O)=CN)c(O)cc(C)c1C1(C(=O)O)CC1,1.2304622569144843,70.814453125,149.41828266881257,0.22145407276082338,3.8701819578907557,,5,3
COc1ccc(O)c(C)c1C,74.24058979,146.561002,COc1c(C)cc(O)c(C(=O)O)c1C(C)=CO,1.2686322592435622,72.45655822753906,175.7554068260476,0.22626530289070004,2.9340025958265716,,5,12
COc1c(C)cc(C)c(OC)c1O,80.33370218,149.1714395,C=C(O)Oc1c(C)cc2cc(CO)oc2c1O,1.360740216745446,72.77387237548828,176.78165486549437,0.20044647368391733,3.2208756119408894,,6,5
COc1ccc(C)c(OC)c1O,,,C=C(O)Oc1c(C)c(O)cc(OC)c1O,1.3869896587966484,72.77387237548828,172.18889940652252,0.25505148582352066,2.898917734188533,,6,6
COc1cc(C)cc(OC)c1O,,,C=C(O)Oc1c(N)c(C)cc(OC)c1O,1.3513129931464924,72.77387237548828,164.68211469189674,0.23217331527871476,2.899670396910425,,6,9
COc1c(C)cc(O)c(OC)c1C,77.84876654,143.2603047,COc1c(O)cc(C)c(OC(O)=CN)c1C=N,1.8895393787682688,58.13545227050781,155.35264063625633,0.2503870442501545,3.5960050433790176,,6,15
COc1c(C)ccc(O)c1C,79.71874336,150.1252532,CCOc1c(CO)cc(N)c(O)c1C,1.3547446239252405,72.87720489501953,168.6462103034824,0.2470802912855504,2.5960639536755057,,7,1
COc1cccc(O)c1C,82.08445229,158.4585727,C=C(O)c1c(O)c(C)cc(N=C(N)CN)c1OC,1.0618769929170997,71.73035430908203,163.5712532626614,0.21656274024807662,3.4717502868757117,,7,3
COc1cc(O)cc(C)c1C,80.77295848,,CCC=Cc1cc(O)cc(OC(O)=CN(C)O)c1C,1.777869093400226,57.545997619628906,169.6723219201565,0.23550610864134705,3.471165685605966,,7,8
COc1cc(C)cc(O)c1,82.3919317,152.064256,COCc1cc(O)c(N)c(OC)c1O,1.230642646697887,74.90739440917969,172.6432600900799,0.23978963813911097,2.726543371554923,,7,12
Cc1cc(O)cc(C)c1N(C)C,77.34675934,131.1744814,Cc1cc(O)c(O)cc1N(C)C,1.3596489056164434,75.3180923461914,161.08767393648327,0.2677470057132989,2.2636467723259504,,0,9
Cc1cc(O)cc(N(C)C)c1,81.87737432,134.8328588,Cc1c(CN)c(O)c(O)c(N)c1N(C)C(=N)O,1.2799514747509015,72.13097381591797,165.8915719860375,0.23402917872807463,3.5683825031285705,,1,2
Cc1ccc(O)cc1N(C)C,80.37135272,136.6024342,Cc1cc(N)c(O)cc1N(C)C,1.3627113952814829,73.00255584716797,152.2265165796846,0.24319473625690077,2.40396637530362,,1,7
Cc1cc(N(C)C)c(O)c(C)c1C,69.77272571,126.2987364,CC(=N)N(O)CN(C)c1cc(C)c(C=N)c(C)c1O,1.2967098751043116,70.83362579345703,159.46907100163102,0.2436265849984492,3.9355695086736535,,2,13
COc1cc(O)c(C)c(C)c1C,77.30283371,141.5283799,CNC=CC=C(C)c1c(CN(O)O)ccc(O)c1C,1.2574093434045117,71.6779556274414,162.19967623122335,0.21389067979976414,3.673753920900083,,7,14
Cc1cc(O)ccc1N(C)C,76.21724314,130.8419016,CCN(C)c1c(C)cc(O)c(CCNO)c1N,1.2065462568458316,71.67111206054688,156.22321379760504,0.2530982687130903,3.1524758126097874,,0,10
Cc1cc(N(C)C)c(C)c(C)c1O,73.12989886,127.5851299,C=CN(CO)c1cc(C)c(O)c(C#CO)c1CO,1.405620631315481,68.35553741455078,153.88399622478187,0.23272912961254744,4.024526002914992,,0,11
Cc1ccc(N(C)C)c(O)c1N(C)C,75.53953342,131.8898416,CCC#CCn1cc(O)c2cc(C)c(N(C)C)c(O)c21,1.1548472475758569,74.37693786621094,159.08965968358814,0.2144113009546724,3.4197337441093865,,2,1
Cc1cc(N(C)C)c(O)c(C)c1C,69.77272571,126.2987364,CCc1c(C)cc(N(C)C=CN(O)CCNC)c(O)c1C,1.3870903379804678,66.3091049194336,149.3170291370958,0.2604261934978603,3.5519818072453564,,2,13
COc1c(O)c(OC)c(C(C)(C)C)c(C(C)(C)C)c1C(C)(C)C,66.13317351,133.4711643,C#COc1c(O)cc(C(C)(C)CO)c2c1C1(C=CC2(C)C)CC1N(O)C=CN,1.5680357721629046,66.49063873291016,155.10662673552633,0.2104733763531803,5.613155429809247,,4,9
COc1cc(C(C)(C)C)ccc1O,75.90348864,146.4480504,CCC(C)(C=N)c1cc(N)c(O)c(OC=N)c1N(C)C=CNC,1.0011106518518411,74.86136627197266,154.72046266205163,0.23905165266767334,4.8582352776889035,,5,5
COc1ccc(O)c(C)c1C,74.24058979,146.561002,Cc1cc(O)c(C)c(C#CO)c1N(C)C=N,1.4339317732799697,68.35553741455078,167.19803858603686,0.24507942222356208,3.928339684139541,,5,12
COc1c(C)cc(O)cc1C,80.44037871,144.119992,Cc1cc(O)c(N)c(CO)c1OC=O,1.2344008559116377,74.70233917236328,177.48378782592266,0.23890103853988232,3.1337475295590824,,6,4
COc1cc(OC)c(O)c(C)c1C,76.08546625,110.8306396,CNCOc1cc(ON(O)O)c(C)c(C=N)c1O,1.3456315121652995,73.29328918457031,173.8339113160044,0.22760859824814564,3.9664211952226838,,6,12
COc1ccc(O)c(OC)c1C,75.59600923,148.9141608,Cc1cc(O)c(OC=O)c(C)c1OCONO,1.330577547310784,72.90599822998047,178.94156549346448,0.258674699151468,3.321805043379017,,6,13
COc1c(C)ccc(O)c1C,79.71874336,150.1252532,Cc1cc(O)c(C#CO)c(OC=C=O)c1CO,1.458203830104598,68.35553741455078,181.8693253403753,0.23158111286862842,4.007833805920825,,7,1
COc1ccc(C)c(O)c1C,77.53501204,144.9734043,CCOc1c(O)cc2c(N)coc2c1CCN(C)O,1.1898476003787397,71.67110443115234,167.05580599011182,0.21095257981930965,3.267269949441677,,7,2
COc1cc(C)c(C)c(O)c1,79.39871377,146.9939833,Cc1cc(O)c(C)c(C#CO)c1N(C)C=N,1.396353274119108,68.35553741455078,159.29108601749988,0.24507942222356208,3.928339684139541,,7,5
COc1ccc(C)c(O)c1,79.6308921,149.140064,CC#Cc1c(O)c(N)c2oc(C)cc2c1O,1.0379146897115399,73.6484146118164,148.02412680940628,0.190999866449227,3.4931828223966326,,7,7
COc1cc(C)c(C)c(O)c1C,,,Cc1cc(O)c(CO)c(O)c1C#CO,1.5667167098698431,68.35553741455078,164.85101123901904,0.2228498459014863,3.43190012831168,,7,9
Cc1cc(N(C)C)c(C)cc1O,74.7363219,128.570319,CNc1c(O)c(C)cc(N(C)C=C(O)O)c1C#CC=O,1.7225123479224178,58.729042053222656,162.18853973445297,0.23970347521117696,3.883878640093906,,0,5
Cc1cc(N(C)C)cc(C)c1O,69.30209396,124.3597336,Cc1c(O)ccc(N(C)C=CC=C=N)c1NO,1.470245947255799,68.59703826904297,164.07563471318633,0.21967276591019824,3.986739491539552,,0,6
Cc1cc(N(C)C)ccc1O,71.05284407,126.3175617,Cc1c(O)ccc(N(C)C=CC=C=N)c1NO,1.3675135403673395,68.59703826904297,155.2117623026669,0.21967276591019824,3.986739491539552,,0,7
Cc1c(O)c(C)c(N(C)C)c(C)c1N(C)C,76.63139908,127.7922078,CCc1c(N(C)C)ccc(O)c1O,1.4425416852866078,75.87796783447266,163.41406845594048,0.28418765706808075,2.3971705192395945,,0,12
Cc1c(O)cc(N(C)C)cc1N(C)C,79.43008922,126.6313162,C=Cc1c(N(C)CC=C=N)ccc(N)c1O,1.372040242780388,73.41178131103516,155.51014536640645,0.22898712189094714,3.743279781251731,,0,13
Cc1c(N(C)C)cc(N(C)C)c(C)c1O,79.02220837,128.915449,C=CC#CN(C)c1ccc(N)c(O)c1CCC(N)N,1.2812432567352403,74.48726654052734,158.78907289379984,0.2344316836439709,3.8607340113978204,,1,0
Cc1ccc(O)c(C)c1N(C)C,79.0033831,136.2133786,C=C(O)C#CN(C)c1ccc(N)c(O)c1CCC(N)N,1.0562050207719713,74.48726654052734,151.76730721773208,0.2318620334165035,3.8726867678152406,,1,1
Cc1cc(O)cc(N(C)C)c1,81.87737432,134.8328588,Cc1c(O)ccc(N(C)C#CO)c1O,1.6178257704953478,64.48734283447266,154.90645226096214,0.24687941337258895,3.561470190681743,,1,2
Cc1c(O)cccc1N(C)C,81.48204365,137.3617201,C=C(O)C#CN(C)c1ccc(N)c(O)c1CCC(N)N,1.037655105420856,74.48726654052734,163.00744955741465,0.2318620334165035,3.8726867678152406,,1,3
Cc1cc(N(C)C)c(C)c(O)c1C,78.36332392,,C=CC#CN(C)c1ccc(N)c(O)c1CCC(N)N,1.1752587083910313,74.48726654052734,155.911303574048,0.2344316836439709,3.8607340113978204,,1,4
Cc1ccc(O)cc1N(C)C,80.37135272,136.6024342,C=CC#CN(C)c1ccc(N)c(O)c1CCC(N)N,1.05380881634776,74.48726654052734,156.84221374432744,0.2344316836439709,3.8607340113978204,,1,7
Cc1c(C)c(O)c(C)c(N(C)C)c1C,75.52070815,131.8333658,CCc1c(N(C)C)ccc(O)c1O,1.3906836142034162,75.87796783447266,164.7139163178414,0.28418765706808075,2.3971705192395945,,1,8
Cc1cc(C)c(N(C)C)cc1O,77.96171816,132.962882,CN(C)c1cc(O)c(CCCNO)c(N)c1C(C=N)CN,1.106955607776017,71.78141021728516,157.69591962154954,0.24915075511805923,4.182851636406474,,1,13
Cc1cc(C)c(N(C)C)c(C)c1O,76.8698525,133.0193578,CCc1c(N(C)C)ccc(O)c1O,1.356858993382729,75.87796783447266,165.11152375341655,0.28418765706808075,2.3971705192395945,,1,15
Cc1cc(N(C)C)c(O)c(N(C)C)c1,72.09450901,127.8173082,CN(C)c1cccc(N2CC2)c1O,1.3656427992630054,75.90752410888672,163.44580032414495,0.19897400905877047,2.1416437060527826,,2,0
Cc1ccc(N(C)C)c(O)c1N(C)C,75.53953342,131.8898416,CN(C)c1cccc(N2CC2)c1O,1.3330773359319799,75.90752410888672,156.5936487033844,0.19897400905877047,2.1416437060527826,,2,1
Cc1cc(N(C)C)c(O)c(N(C)C)c1C,74.74887208,130.7163998,CC(=C=N)CN(C)c1cc(C)c2ccn(C)c2c1O,1.2404315828743484,73.34944152832031,151.3517943791479,0.20808112190124645,3.454115911850309,,2,4
Cc1cc(O)c(N(C)C)c(C)c1C,75.42030671,130.4904966,CN(C=N)c1c(O)ccc(NCCO)c1CONO,1.2680477694274688,72.89640045166016,162.3335502691552,0.2302872472726868,3.620338884352919,,2,6
Cc1ccc(C)c(N(C)C)c1O,74.673571,133.2201607,Cc1c(O)ccc(N(C)C#CO)c1O,1.7488578792776661,64.48734283447266,171.31893791402877,0.24687941337258895,3.561470190681743,,2,12
Cc1cc(C)c(O)c(N(C)C)c1,70.36258417,129.2794042,Cc1c(O)ccc(N(C)C#CO)c1O,1.7202709739717859,64.48734283447266,165.30392109903394,0.24687941337258895,3.561470190681743,,3,0
Cc1cccc(N(C)C)c1O,71.63015235,131.638838,Cc1c(O)ccc(N(C)C#CO)c1O,1.7143273626640063,64.48734283447266,175.21150778751672,0.24687941337258895,3.561470190681743,,3,3
Cc1c(C)c(N(C)C)c(C)c(N(C)C)c1O,71.50465055,123.4310203,CON(C)CCN1CC(=N)c2c(N(C)C#N)ccc(O)c21,1.3699066785389982,70.528076171875,153.386767863518,0.22054097773795153,3.9475092074767035,,3,5
Cc1cc(N(C)C)c(C)c(N(C)C)c1O,70.85831628,123.9581279,CON(C)CCN1CC(=N)c2c(N(C)C#N)ccc(O)c21,1.3482081003878434,70.528076171875,157.80746430993378,0.22054097773795153,3.9475092074767035,,3,8
COc1ccc(C(C)(C)C)c(C(C)(C)C)c1O,71.00264335,141.0075474,C#CC(C=CC(C)C=CN(C)O)(CN)c1cccc(O)c1O,1.4451022637131203,68.93086242675781,151.22004090779126,0.2163258556666546,4.721626841557398,,5,1
COc1ccc(O)cc1C,83.51517281,149.7299225,Cc1cc(O)c(N)cc1OC(C)OCNC=N,1.1130412437021038,74.44629669189453,175.66291012434812,0.22960696595596478,3.860458950418778,,5,13
COc1c(C)cc(O)c(C)c1C,,142.8586989,C=CC(CCc1c(CC)c(O)cc2ccoc12)N(C)O,1.1694981033722145,71.26628875732422,162.2297057356596,0.20253007344148244,3.8595080970800275,,6,2
COc1cc(C)cc(OC)c1O,,,Cc1cc(OCOCN)c(O)cc1N(C)O,1.4481466011507316,68.30683135986328,157.03566364146323,0.2416046916585704,3.1274350585325896,,6,9
COc1c(C)ccc(O)c1C,79.71874336,150.1252532,Cc1cc(N)c(O)c(C#CC(=O)O)c1OCC(C)N(C)O,1.1136695539644963,69.99362182617188,151.55832333711982,0.2261793993624986,3.888106131910968,,7,1
COc1cccc(O)c1C,82.08445229,158.4585727,Cc1cccc(N)c1O,1.511018482085851,75.1146011352539,180.74114887166618,0.21903466496307045,1.9294068533794029,,7,3
