mol_rank,mol_id,step,smiles,bde,ip,reward
0,0,0,CN(C)c1cc(C(C)(C)C)cc(C(C)(C)C)c1O,68.31062974,127.1835241,1.2379118516395677
0,0,1,CNc1cc(C(C)(C)C)cc(C(C)(C)C)c1O,78.82727813720703,163.5160089123994,1.233839678063511
0,0,2,CNc1cccc(C(C)(C)C)c1O,73.88456726074219,157.21239332990498,1.4251174724265705
0,0,3,CNc1cc(O)cc(C(C)(C)C)c1O,75.86190032958984,158.4040747711256,1.4644990159429845
0,0,4,CNc1cc(O)cc(C(C)(C)C)c1O,73.88456726074219,162.4794659363091,1.5334830393295784
0,0,5,CNc1cc(O)cc(C(C)(C)C)c1O,73.88456726074219,158.47871177316307,1.5144690974019597
0,0,6,CNc1cc(O)cc(C(C)(C)C)c1O,73.88456726074219,165.10294561317713,1.5459513610984499
0,0,7,CNc1cc(O)cc(C(C)(C)C)c1O,73.88456726074219,163.91072397901266,1.5402852211677152
0,0,8,CNc1cc(O)cc(C(C)(C)C)c1O,73.88456726074219,166.1017489645511,1.550698263343801
0,0,9,CNc1cc(O)cc(C(C)(C)C)c1O,73.88456726074219,166.09506665412783,1.550666505065949
0,0,10,CNc1cc(O)cc(C(C)(C)C)c1O,73.88456726074219,162.33448392324448,1.5327939993474786
0,1,0,CN(C)c1ccc(C(C)(C)C)cc1O,71.99410757,128.9719248,1.1679218787493848
0,1,1,CN(C)c1cc(N)c(C(C)(C)C)cc1O,81.2828140258789,159.537951100114,1.1188235256632675
0,1,2,CN(C)c1cc(N)c(C(C)(C)C)c(O)c1O,79.14852142333984,158.17203819099961,1.1601541787711853
0,1,3,CN(C)c1cc(NO)c(C(C)(C)C)c(O)c1O,77.4199447631836,156.5713970151633,1.1844894763581029
0,1,4,CN(C)c1cc(NO)c(C2(C)CC2)c(O)c1O,70.05854034423828,150.52105529289247,1.408146975343663
0,1,5,CC1(c2c(NO)ccc(O)c2O)CC1,70.1534652709961,160.50252161366194,1.4340122665857669
0,1,6,CC1(c2c(NO)cc(O)c(O)c2O)CC1,69.82585906982422,164.27394703408478,1.5719017206758767
0,1,7,CC1(c2c(NO)cc(O)c(O)c2O)CC1=N,70.1534652709961,159.3538270912111,1.4999815645744328
0,1,8,CC1(c2c(NO)cc(O)c(O)c2O)CC1=N,70.1534652709961,166.50723112118246,1.4982644712054305
0,1,9,CC1(c2c(NO)cc(O)c(O)c2O)CC1=N,70.1534652709961,162.9470929613352,1.4813445962355563
0,1,10,CC1(c2c(NO)cc(O)c(O)c2O)CC1=N,70.1534652709961,162.51564992905557,1.479294124642873
0,3,0,Cc1cc(O)c(C)c(C)c1N(C)C,76.07919116,129.8065117,1.0745606665414325
0,3,1,Cc1c(O)ccc(N(C)C)c1C,83.47600555419922,167.20666620959938,1.0694279043231707
0,3,2,Cc1c(N(C)C)cc(N)c(O)c1C,83.78545379638672,159.5015815449059,1.0591584840007517
0,3,3,Cc1cc(O)c(N)cc1N(C)C,73.30563354492188,156.2534240536243,1.4154416678764645
0,3,4,Cc1cc(O)c(N)cc1N(C)C#N,74.44629669189453,161.911446870476,1.436147723325611
0,3,5,Cc1cc(O)c(N)cc1N(C)C#N,74.44629669189453,184.84759700750857,1.506692289454549
0,3,6,Cc1cc(O)c(N)cc1N(C)C#N,74.44629669189453,178.28484550917446,1.4755022260849486
0,3,7,Cc1cc(O)c(N)cc1N(C)C#N,74.44629669189453,177.92598695192635,1.473796718700716
0,3,8,Cc1cc(O)c(N)cc1N(C)C#N,74.44629669189453,178.69016478320063,1.4774285421804165
0,3,9,Cc1cc(O)c(N)cc1N(C)C#N,74.44629669189453,174.98061791467666,1.4597985889616887
0,3,10,Cc1cc(O)c(N)cc1N(C)C#N,74.44629669189453,180.25775762825756,1.4848786673584715
0,5,0,Cc1cc(N(C)C)c(C)cc1O,74.7363219,128.570319,1.042049372723881
0,5,1,C=Cc1cc(N(C)C)c(C)cc1O,83.23001861572266,161.6502546476543,1.052648530558831
0,5,2,C=Cc1cc(N(C)C)c(C)c(O)c1O,80.06532287597656,164.38395464674534,1.147840727242965
0,5,3,C=Cc1cc(N(C)C#N)c(C)c(O)c1O,75.61695098876953,160.75068357170224,1.263016619214331
0,5,4,C=Cc1cc(N(C)C#N)c(C)c(O)c1O,75.61695098876953,184.32806025838255,1.333403543656998
0,5,5,C=Cc1cc(N(C)C#N)c(C)c(O)c1O,75.61695098876953,182.53744951246827,1.324893505961752
0,5,6,C=Cc1cc(N(C)C)c(C)c(O)c1O,75.61695098876953,176.62252543290256,1.2967823003317873
0,5,7,C=Cc1cc(N(C)C#N)c(C)c(O)c1O,75.61695098876953,159.87562048605085,1.2588578036472944
0,5,8,C=Cc1cc(N(C)C#N)c(C)c(O)c1O,75.61695098876953,183.52811010811925,1.3296017090323642
0,5,9,C=Cc1cc(N(C)C#N)c(C)c(O)c1O,75.61695098876953,183.5210381165266,1.3295680987599074
0,5,10,C=Cc1cc(N(C)C#N)c(C)c(O)c1O,75.61695098876953,184.2338282040328,1.3329556973920031
0,7,0,Cc1cc(N(C)C)ccc1O,71.05284407,126.3175617,1.0387357657747511
0,7,1,Cc1cc(N(C)C)cc(N)c1O,84.28094482421875,167.3489280144304,1.0385985613913877
0,7,2,Cc1cc(N(C)C)cc(NO)c1O,73.27803039550781,154.95259545975028,1.3648852099925706
0,7,3,CN(C)c1ccc(O)c(NO)c1,67.19194793701172,154.9755646561563,1.5577500920493716
0,7,4,CCN(C)c1ccc(O)c(NO)c1,67.39152526855469,159.46940363952518,1.6167505196855367
0,7,5,CN(CCN)c1ccc(O)c(NO)c1,67.39151763916016,150.6361163899243,1.5293152852766863
0,7,6,CN(CCN)c1ccc(O)c(NO)c1,67.39152526855469,164.72497824599296,1.5508190170732146
0,7,7,CCN(C)c1ccc(O)c(NO)c1,67.39152526855469,150.52469025533497,1.4833308785374761
0,7,8,CCN(C)c1ccc(O)c(NO)c1,67.39151763916016,160.9317282746449,1.5782461014434663
0,7,9,CCN(C)c1ccc(O)c(NO)c1,67.39151763916016,159.24074463983476,1.570209550502893
0,7,10,CCN(C)c1ccc(O)c(NO)c1,67.39151763916016,162.84142751027645,1.5873221178355763
0,8,0,Cc1c(O)ccc(N(C)C)c1C,74.95595005,129.5617832,1.030112224805413
0,8,1,Cc1c(N(C)C)cc(N)c(O)c1C,83.78545379638672,163.56009855327903,1.0399854105542137
0,8,2,Cc1cc(O)c(N)cc1N(C)C,73.30563354492188,151.0025135939926,1.3488195796879587
0,8,3,Cc1cc(O)c(N)cc1N(C)C#N,74.44629669189453,161.4002765829295,1.3952568023611271
0,8,4,Cc1cc(O)c(N)cc1N(C)C#N,74.44629669189453,182.69653427261562,1.454802504781612
0,8,5,Cc1cc(O)c(N)cc1N(C)C#N,74.44629669189453,185.8333505069524,1.4697105044449528
0,8,6,Cc1cc(O)c(N)cc1N(C)C#N,74.44629669189453,175.9090144008696,1.4225442096174696
0,8,7,Cc1cc(O)c(N)cc1N(C)C#N,74.44629669189453,186.2967632022947,1.4719129147202274
0,8,8,Cc1cc(O)c(N)cc1N(C)C#N,74.44629669189453,169.23016231208445,1.3908023678094603
0,8,9,Cc1cc(O)c(N)cc1N(C)C#N,74.44629669189453,174.15751781642436,1.4142200654723875
0,8,10,Cc1cc(O)c(N)cc1N(C)C#N,74.44629669189453,178.89684975109398,1.4367441643064571
0,9,0,Cc1cc(O)cc(C)c1N(C)C,77.34675934,131.1744814,1.0012883368204804
0,9,1,Cc1cc(O)c(O)c(C)c1N(C)C,85.7563247680664,168.72113424006702,0.9873734815125785
0,9,2,Cc1cc(C)c(O)c(O)c1,75.47647857666016,170.88859932202996,1.358362750287037
0,9,3,Cc1cccc(O)c1O,76.0259017944336,179.92864782631398,1.5048218744681083
0,9,4,Cc1ccc(O)c(O)c1O,77.24817657470703,187.718694669497,1.5356714002679575
0,9,5,Cc1ccc(O)c(O)c1O,73.4686050415039,187.6089832695067,1.6414163692811625
0,9,6,Cc1ccc(O)c(O)c1O,73.4686050415039,183.07899809315205,1.6198872096368095
0,9,7,Cc1ccc(O)c(O)c1O,73.4686050415039,183.4130469492823,1.621474806697873
0,9,8,Cc1ccc(O)c(O)c1O,73.4686050415039,184.18952069907783,1.6251650676299076
0,9,9,Cc1ccc(O)c(O)c1O,73.4686050415039,181.16190006981492,1.6107760298444924
0,9,10,Cc1ccc(O)c(O)c1O,73.4686050415039,182.22384448509516,1.615823015642445
0,10,0,Cc1cc(O)ccc1N(C)C,76.21724314,130.8419016,0.9356580915893197
0,10,1,Cc1cc(O)c(N)cc1N(C)C,86.72298431396484,165.85337017333805,0.935908963366414
0,10,2,Cc1cc(O)c(N)cc1N(C)C#N,74.44629669189453,159.2797484947294,1.3397242575392785
0,10,3,Cc1cc(O)c(N)cc1N(C)C#N,74.44629669189453,175.45578564832806,1.37114777519863
0,10,4,Cc1cc(O)c(N)cc1N(C)C#N,74.44629669189453,175.1785216545254,1.3698300532737626
0,10,5,Cc1cc(O)c(N)cc1N(C)C#N,74.44629669189453,188.1401970519811,1.4314315746974298
0,10,6,Cc1cc(O)c(N)cc1N(C)C#N,74.44629669189453,183.77600231332184,1.4106903489340268
0,10,7,Cc1cc(O)c(N)cc1N(C)C#N,74.44629669189453,176.46950237983467,1.37596555461669
0,10,8,Cc1cc(O)c(N)cc1N(C)C#N,74.44629669189453,186.3411304995984,1.4228813500257826
0,10,9,Cc1cc(O)c(N)cc1N(C)C#N,74.44629669189453,180.3511199444771,1.3944132892061352
0,10,10,Cc1cc(O)c(N)cc1N(C)C#N,74.44629669189453,176.8688967131883,1.377863711901774
0,11,0,Cc1cc(N(C)C)c(C)c(C)c1O,73.12989886,127.5851299,1.0710801384967128
0,11,1,C=Cc1cc(N(C)C)c(C)c(C)c1O,82.1949462890625,157.36130548717975,1.0727778165492563
0,11,2,C#Cc1c(N(C)C)cc(C=C)c(O)c1C,78.52091217041016,151.55942159198523,1.1505446032688638
0,11,3,C=Cc1cc(N(C)C)c(C#CO)c(C)c1O,80.23912048339844,160.4094939971417,1.0868928705100724
0,11,4,C=Cc1cc(NC)c(C#CO)c(C)c1O,68.35553741455078,159.13597951034905,1.507504228461593
0,11,5,C=Cc1cc(NC)c(C#CO)cc1O,68.35553741455078,156.728320316267,1.5345231512984376
0,11,6,C=Cc1cc(NC)c(C#CO)cc1O,68.7623519897461,164.82168549740015,1.59552634242106
0,11,7,C=Cc1cc(NC)c(C#CO)cc1O,68.7623519897461,159.40551792033315,1.569785521670499
0,11,8,C=Cc1cc(NC)c(C#CO)c(N)c1O,68.7623519897461,158.29518706228436,1.5645085749763332
0,11,9,CNc1cc(C=CN)c(O)c(N)c1C#CO,68.35553741455078,146.8966321109265,1.4877971739042666
0,11,10,CNc1cc(C=C(N)O)c(O)c(N)c1C#CO,68.35553741455078,156.57860817860217,1.4953500925146457
0,12,0,Cc1c(O)c(C)c(N(C)C)c(C)c1N(C)C,76.63139908,127.7922078,1.1438791714433734
0,12,1,Cc1cc(C)c(N(C)C)c(C)c1O,81.43607330322266,165.0859250682026,1.1391921748541924
0,12,2,C#Cc1c(O)c(C)cc(C)c1N(C)C,81.62751770019531,171.42062614299357,1.255555243135598
0,12,3,Cc1cc(C)c(N(C)C)c(C#CO)c1O,82.52458953857422,171.9855023305416,1.1918783290326629
0,12,4,CCc1cc(C)c(N(C)C)c(C#CO)c1O,68.35553741455078,170.34354945260287,1.7074038222332244
0,12,5,CCc1cc(C)c(N(C)C#N)c(C#CO)c1O,68.35553741455078,168.22335056595503,1.6660773874257373
0,12,6,CCc1cc(C)c(N(C)C#N)c(C#CO)c1O,68.35553741455078,190.474324715209,1.7405771318624632
0,12,7,CCc1cc(C)c(N(C)C#N)c(C#CO)c1O,68.35553741455078,167.49432582486273,1.6313626321506904
0,12,8,CCc1cc(C)c(N(C)C#N)c(C#CO)c1O,68.35553741455078,147.47031667362003,1.5361967380132615
0,12,9,CCc1cc(C)c(N(C)C#N)c(C#CO)c1O,68.35553741455078,173.6799082182318,1.6607601656206137
0,12,10,CCc1cc(C)c(N(C)C#N)c(C#CO)c1O,68.35553741455078,186.5376308374226,1.7218676421696042
0,13,0,Cc1c(O)cc(N(C)C)cc1N(C)C,79.43008922,126.6313162,1.0173523262232103
0,13,1,Cc1c(O)cc(N(C)CN)cc1N(C)C,83.80941009521484,152.3585820708841,0.9858115483162321
0,13,2,Cc1c(O)cc(N(C)CNO)cc1N(C)C,83.80941009521484,158.68065080928355,0.980143459631912
0,13,3,Cc1c(O)cc(N(C#N)CNO)cc1N(C)C,71.67440032958984,153.5947132816136,1.3952240709997652
0,13,4,CCc1c(O)cc(N(C#N)CNO)cc1N(C)C,71.49178314208984,178.54542640677542,1.48523794726146
0,13,5,CCc1c(O)cc(N(C#N)CNO)cc1N(C)CN,71.49178314208984,162.47821132788806,1.3731627850747523
0,13,6,CCc1c(O)cc(N(C#N)CNO)cc1N(C)CN,71.49178314208984,163.0995988449499,1.3404016991028544
0,13,7,CCc1c(O)cc(N(C#N)CNO)cc1N(C)CN,71.49178314208984,165.6508404300481,1.3525267028807015
0,13,8,CCc1c(O)cc(N(C#N)CNO)cc1N(C)CN,71.49178314208984,147.0512781482652,1.2641306198714797
0,13,9,CCc1c(O)cc(N(C#N)CNO)cc1N(C)CN,71.49178314208984,171.88644290311635,1.3821619612524385
0,13,10,CCc1c(O)cc(N(C#N)CNO)cc1N(C)CN,71.49178314208984,173.5970679808542,1.390291859906961
0,14,0,Cc1c(O)cc(N(C)C)c(C)c1N(C)C,77.50363659,128.5514937,1.1042656584968622
0,14,1,Cc1c(N(C)C)cc(O)c2ccn(C)c12,81.74466705322266,155.69053888256252,1.0824613519009836
0,14,2,CCn1ccc2c(O)cc(N(C)C)c(C)c21,75.0261001586914,158.10146053962708,1.3402186147875113
0,14,3,Cc1c(N(C)C)cc(O)c2ccn(CCN)c12,75.0261001586914,156.7241685280055,1.300339578004668
0,14,4,Cc1c(N(C)C)cc(O)c2ccn(CCNO)c12,75.0261001586914,158.10706933684648,1.2735786044311963
0,14,5,CN(C)c1cc(O)c2ccn(CCNO)c2c1C=N,71.62901306152344,156.66815478079616,1.3663692464356514
0,14,6,CN(C#N)c1cc(O)c2ccn(CCNO)c2c1C=N,71.62901306152344,147.12521207475365,1.2876822245146144
0,14,7,CN(C#N)c1cc(O)c2ccn(CCNO)c2c1C=N,71.62901306152344,163.37775216403156,1.3315905413382654
0,14,8,CN(C#N)c1cc(O)c2ccn(CCNO)c2c1C=N,71.62901306152344,167.25101941790135,1.3499985903290375
0,14,9,CN(C#N)c1cc(O)c2ccn(CCNO)c2c1C=N,71.62901306152344,166.9158338198766,1.3484055908004673
0,14,10,CN(C#N)c1cc(O)c2ccn(CCNO)c2c1C=N,71.62901306152344,165.10325007306784,1.3397911244535359
0,15,0,Cc1c(N(C)C)cc(O)cc1N(C)C,79.28576215,133.0444582,1.1899785853301248
0,15,1,Cc1c(N(C)C)cc(O)c(O)c1N(C)C,79.7494125366211,159.42058490494787,1.1782833177924292
0,15,2,Cc1ccc(O)c(O)c1N(C)C,75.20726776123047,151.44068017279804,1.282424111767149
0,15,3,Cc1cc(O)c(O)c(O)c1N(C)C,76.12633514404297,167.42489866075218,1.429560948751673
0,15,4,CNc1c(C)cc(O)c(O)c1O,73.99625396728516,176.6188224308908,1.5209133340957492
0,15,5,CNc1c(C)cc(O)c(O)c1O,73.5077896118164,176.03551301822066,1.5729739645494611
0,15,6,CNc1c(C)cc(O)c(O)c1O,73.5077896118164,173.07017471102773,1.5588809290692776
0,15,7,CNc1c(C)cc(O)c(O)c1O,73.5077896118164,160.42140229629874,1.4987665070523546
0,15,8,CNc1c(C)cc(O)c(O)c1O,73.5077896118164,177.7668276231602,1.5812021920321695
0,15,9,CNc1c(C)cc(O)c(O)c1O,73.5077896118164,175.83665638076812,1.5720288805972216
0,15,10,CNc1c(C)cc(O)c(O)c1O,73.5077896118164,172.26749576167614,1.555066125582954
1,0,0,Cc1c(N(C)C)cc(N(C)C)c(C)c1O,79.02220837,128.915449,1.0629688685164425
1,0,1,CNc1cc(N(C)C)c(C)c(O)c1C,81.54727172851562,155.2628132849306,1.0881546330921117
1,0,2,CNc1cc(N(C)C)c(C)c(O)c1C#N,82.02794647216797,151.28772103568912,1.0837822968353785
1,0,3,CNc1cc(N(C)C)c(C)c(O)c1C#N,85.12879943847656,171.69007589535713,1.0260450864182553
1,0,4,CNc1cc(N(C)C)c(C)c(O)c1C#N,85.12879943847656,171.5804194768369,1.0255239344832177
1,0,5,CNc1cc(N(C)C)c(C)c(O)c1C#N,85.12879943847656,168.59681838707925,1.0113441034957464
1,0,6,CNc1cc(N(C)C)c(C)c(O)c1C#N,85.12879943847656,172.25474865146577,1.0287287441874984
1,0,7,CNc1cc(N(C)C)c(C)c(O)c1C#N,85.12879943847656,171.02276166904568,1.0228736158831646
1,0,8,CNc1cc(N(C)CN)c(C)c(O)c1C#N,85.12879943847656,169.92739195628167,1.0176677733698647
1,0,9,CNc1cc(N(C)CNO)c(C)c(O)c1C#N,85.12879943847656,173.6478574575007,1.0020162850335403
1,0,10,Cc1c(N(C)CNO)cc(NCO)c(C#N)c1O,71.67440032958984,170.63210354765803,1.4809576965689302
1,1,0,Cc1ccc(O)c(C)c1N(C)C,79.0033831,136.2133786,1.0864923910981883
1,1,1,Cc1ccc(O)c(C)c1,83.35233306884766,160.21039647212328,1.0410180680894312
1,1,2,Cc1cc(C)c(O)c(N)c1,84.28094482421875,186.2643289458096,1.2534956958266736
1,1,3,Cc1ccc(O)c(N)c1,73.27803039550781,181.55755222685934,1.6201155249632377
1,1,4,Cc1ccc(O)c(NO)c1,74.32364654541016,176.25096478152275,1.595636572871096
1,1,5,Cc1ccc(O)c(NO)c1C,67.39152526855469,181.51151211832763,1.850295490133517
1,1,6,Cc1cccc(O)c1NO,66.28346252441406,177.94917023243158,1.8350682324028562
1,1,7,Cc1cccc(O)c1NO,65.48004150390625,173.85167754716724,1.8887072290111124
1,1,8,Cc1cccc(O)c1NO,65.48004150390625,165.04567244666816,1.8468559022943671
1,1,9,Cc1cccc(O)c1NO,65.48004150390625,165.14400852412732,1.8473232532961912
1,1,10,Cc1cccc(O)c1NO,65.48004150390625,168.10883481637984,1.8614138553795836
1,2,0,Cc1cc(O)cc(N(C)C)c1,81.87737432,134.8328588,0.8804430995027923
1,2,1,Cc1cc(N(C)C)cc(O)c1O,88.05330657958984,163.95589641121924,0.8748220182414982
1,2,2,Cc1c(O)c(O)cc(N(C)C)c1O,76.0259017944336,166.76157334009707,1.3134562967194203
1,2,3,Cc1c(O)c(O)cc(N(C)C)c1O,75.34388732910156,168.396866587469,1.3024677865489678
1,2,4,Cc1c(O)c(O)cc(N(C)C)c1O,75.34388732910156,162.73722868993283,1.2755698513280542
1,2,5,Cc1c(O)c(O)cc(N(C)C)c1O,75.34388732910156,165.35607789611518,1.288016166370912
1,2,6,Cc1c(O)c(O)cc(N(C)C)c1O,75.34388732910156,152.44253396486044,1.2266433940445192
1,2,7,Cc1c(O)c(O)cc(N(C)C)c1O,75.34388732910156,154.35393934423627,1.2357275190373458
1,2,8,Cc1c(O)c(O)cc(N(C)C)c1O,75.34388732910156,152.1231307978302,1.2251254019305937
1,2,9,Cc1c(O)c(O)cc(N(C)C)c1O,75.34388732910156,164.52854904044568,1.2840832614826108
1,2,10,Cc1c(O)c(O)cc(N(C)C)c1O,75.34388732910156,152.73430138320924,1.2280300447915107
1,3,0,Cc1c(O)cccc1N(C)C,81.48204365,137.3617201,1.0302651860616965
1,3,1,Cc1c(N(C)C)ccc(O)c1O,84.74761199951172,167.8591753005475,1.0227581275644912
1,3,2,Cc1c(N(C)C)cc(O)c(O)c1O,75.12490844726562,155.22150158282815,1.2938761009172335
1,3,3,Cc1ccc(O)c(O)c1O,73.57210540771484,165.0295401960701,1.3558121013792246
1,3,4,Cc1ccc(O)c(O)c1O,73.4686050415039,183.48546544900088,1.5839401942150189
1,3,5,Cc1ccc(O)c(O)c1O,73.4686050415039,185.12059169015737,1.5917112778972082
1,3,6,Cc1ccc(O)c(O)c1O,73.4686050415039,184.02846107325107,1.586520829476628
1,3,7,Cc1ccc(O)c(O)c1O,73.4686050415039,186.63942009483873,1.5989296457116204
1,3,8,Cc1ccc(O)c(O)c1O,73.4686050415039,182.74692135362776,1.5804301973574844
1,3,9,Cc1ccc(O)c(O)c1O,73.4686050415039,182.2047267406702,1.577853368973674
1,3,10,Cc1ccc(O)c(O)c1O,73.4686050415039,180.21071548243313,1.5683766521545324
1,4,0,Cc1cc(N(C)C)c(C)c(O)c1C,78.36332392,,1.0715521312010103
1,4,1,CNc1cc(C)c(C)c(O)c1C,82.63568878173828,155.42095854920746,1.0463054108523009
1,4,2,CNc1ccc(C)c(O)c1C,83.08831787109375,159.63977643911988,1.0871012819033357
1,4,3,C=CNc1ccc(C)c(O)c1C,83.25997161865234,163.17103901813476,1.1356269057575967
1,4,4,Cc1ccc(NC=CO)c(C)c1O,83.25997161865234,162.61955081855803,1.0945443703107616
1,4,5,Cc1ccc(NC#CO)c(C)c1O,67.01099395751953,164.70365059010388,1.7019753496915562
1,4,6,Cc1c(O)cccc1NC#CO,65.3746566772461,146.41994448326082,1.6791269105879825
1,4,7,Cc1c(O)ccc(N)c1NC#CO,65.37466430664062,177.75623613021224,1.8665166787324246
1,4,8,Cc1c(O)ccc(NO)c1NC#CO,65.3746566772461,167.24931602323056,1.7781203614973333
1,4,9,Cc1c(O)ccc(NO)c1NC#CO,65.3746566772461,148.76752989220023,1.6518224817151517
1,4,10,Cc1c(O)ccc(NO)c1NC#CO,65.3746566772461,150.620705083853,1.6606298625335925
1,6,0,Cc1cc(N(C)C)cc(O)c1C,78.48882572,130.6536489,1.0186334846802283
1,6,1,Cc1cc(N(C)C)c(N)c(O)c1C,84.79928588867188,156.7616102218807,0.967993432642723
1,6,2,CNc1cc(C)c(C)c(O)c1N,74.1866226196289,157.93914355630577,1.3473044771979412
1,6,3,CNc1cc(C)c(C)c(O)c1N,75.12821960449219,157.90226404796243,1.3519416104781672
1,6,4,CNc1cc(C)c(C)c(O)c1N,75.12821960449219,154.6991123263061,1.3367183454792921
1,6,5,CNc1cc(C)c(C)c(O)c1N,75.12821960449219,156.41572179343103,1.3448766854795304
1,6,6,CNc1cc(C)c(C)c(O)c1N,75.12821960449219,154.8775436912477,1.337566356497394
1,6,7,CNc1cc(C)c(C)c(O)c1N,75.12821960449219,159.67699717621207,1.3603761883756067
1,6,8,CNc1cc(C)c(C)c(O)c1N,75.12821960449219,159.06990793408602,1.3574909424634733
1,6,9,CNc1cc(C)c(C)c(O)c1N,75.12821960449219,157.91129819076954,1.351984546049736
1,6,10,CNc1cc(C)c(C)c(O)c1N,75.12821960449219,155.1588983064264,1.3389035194661552
1,7,0,Cc1ccc(O)cc1N(C)C,80.37135272,136.6024342,1.0357271716067444
1,7,1,Cc1ccc(O)c(O)c1N(C)C,83.9921646118164,162.47463993777038,1.0267359762409016
1,7,2,Cc1cc(O)c(O)c(O)c1N(C)C,76.12633514404297,178.32511599968672,1.3644820895233045
1,7,3,CNc1c(C)cc(O)c(O)c1O,73.99625396728516,177.97317342410983,1.4007266316804248
1,7,4,CNc1c(C)cc(O)c(O)c1O,73.5077896118164,173.72573802264034,1.4451134354483204
1,7,5,CNc1c(C)cc(O)c(O)c1O,73.5077896118164,171.3874070260227,1.4340003082817472
1,7,6,CNc1c(C)cc(O)c(O)c1O,73.5077896118164,179.19188719237744,1.4710917981876477
1,7,7,CNc1c(C)cc(O)c(O)c1O,73.5077896118164,174.41285863628983,1.4483790376104204
1,7,8,CNc1c(C)cc(O)c(O)c1O,73.5077896118164,173.69444531892836,1.4449647140755801
1,7,9,CNc1c(C)cc(O)c(O)c1O,73.5077896118164,174.7383716191858,1.4499260671706178
1,7,10,CNc1c(C)cc(O)c(O)c1O,73.5077896118164,172.70263595418632,1.4402510513771345
1,10,0,Cc1c(O)cc(N(C)C)c(C)c1C,76.72552543,131.9337672,1.1009002972355721
1,10,1,Cc1c(C)c(O)c(O)c(N(C)C)c1C,81.65019989013672,152.63263858317436,1.071625867512842
1,10,2,Cc1cc(O)c(O)c(C)c1C,75.33566284179688,163.07630766330956,1.3299508146990127
1,10,3,Cc1cc(C)c(O)c(O)c1,75.24566650390625,173.56515501743257,1.4987070865056336
1,10,4,Cc1cccc(O)c1O,76.0259017944336,182.1348593811646,1.5473583742241905
1,10,5,Cc1ccc(O)c(O)c1O,77.24817657470703,189.9247447162792,1.5750020042373731
1,10,6,Cc1ccc(O)c(O)c1O,73.4686050415039,183.60942735877484,1.654459404206578
1,10,7,Cc1ccc(O)c(O)c1O,73.4686050415039,186.19372174189687,1.6667414943627785
1,10,8,Cc1ccc(O)c(O)c1O,73.4686050415039,184.53930937556328,1.658878751646024
1,10,9,Cc1ccc(O)c(O)c1O,73.4686050415039,185.23896645166576,1.6622039344670045
1,10,10,Cc1ccc(O)c(O)c1O,73.4686050415039,183.87301161918043,1.6557121119751665
1,11,0,Cc1ccc(N(C)C)c(C)c1O,79.21046107,133.7786437,1.0833651210887105
1,11,1,CNc1ccc(C)c(O)c1C,82.80176544189453,163.40889607414007,1.0777685305779392
1,11,2,C=CNc1ccc(C)c(O)c1C,83.25997161865234,162.10613385068925,1.0953094384638034
1,11,3,Cc1ccc(NC=CO)c(C)c1O,83.25997161865234,163.42962237019987,1.0599327693390141
1,11,4,Cc1ccc(NC#CO)c(C)c1O,67.01099395751953,164.74855258220435,1.6605220837577057
1,11,5,Cc1c(O)cccc1NC#CO,65.3746566772461,154.61909916739464,1.6764274597667133
1,11,6,Cc1c(O)ccc(N)c1NC#CO,65.37466430664062,173.94130181068778,1.8099243237670104
1,11,7,Cc1c(O)ccc(NO)c1NC#CO,65.3746566772461,171.95224541381,1.7588047873186519
1,11,8,Cc1c(O)ccc(NO)c1NC#CO,65.3746566772461,144.48321360785067,1.5865890905771882
1,11,9,Cc1c(O)ccc(NO)c1NC#CO,65.3746566772461,157.80151256579458,1.649885497363122
1,11,10,Cc1c(O)ccc(NO)c1NC#CO,65.3746566772461,171.1548436546862,1.7133483974841317
1,12,0,Cc1ccc(N(C)C)cc1O,79.4426394,132.4483246,0.9703087641406595
1,12,1,Cc1ccc(N(C)C)c(N)c1O,85.03672790527344,170.29176721678675,1.0230031942709314
1,12,2,Cc1ccc(N(C)C)c(NO)c1O,73.361572265625,157.79184819788634,1.3751091700497189
1,12,3,CN(C)c1cccc(O)c1NO,66.61197662353516,145.20798931220622,1.5340289889734582
1,12,4,CN(C)c1cccc(O)c1NO,67.04246520996094,154.2857482323006,1.6057770016854054
1,12,5,CN(C)c1cccc(O)c1NO,67.04246520996094,166.5303731655851,1.6639706766558924
1,12,6,CN(C)c1cccc(O)c1NO,67.04246520996094,159.75705054032355,1.6317798551752554
1,12,7,CN(C)c1cccc(O)c1NO,67.04246520996094,162.27884267549516,1.6437648978088106
1,12,8,CN(C)c1cccc(O)c1NO,67.04246520996094,162.04381063615085,1.6426478870240968
1,12,9,CN(C)c1cccc(O)c1NO,67.04246520996094,168.82542377983629,1.6748781099349226
1,12,10,CN(C)c1cccc(O)c1NO,67.04246520996094,155.61712006372213,1.6121044653721044
1,13,0,Cc1cc(C)c(N(C)C)cc1O,77.96171816,132.962882,1.1625924154072518
1,13,1,Cc1ccc(O)c(C)c1,80.56238555908203,162.8176693297744,1.162608368038027
1,13,2,Cc1cc(C)c(O)c(N)c1,84.28094482421875,186.91727513944508,1.256598881001611
1,13,3,Cc1ccc(O)c(N)c1,73.27803039550781,179.0946895749837,1.6084105499688133
1,13,4,Cc1ccc(O)c(NO)c1,74.32364654541016,185.77681271760613,1.64090901703587
1,13,5,Cc1ccc(O)c(NO)c1C,67.39152526855469,168.75559250192046,1.7896718414589845
1,13,6,Cc1cccc(O)c1NO,66.28346252441406,176.5418411564216,1.8283797751187776
1,13,7,Cc1cccc(O)c1NO,65.48004150390625,175.01763350215853,1.894248538952769
1,13,8,Cc1cccc(O)c1NO,65.48004150390625,168.69245796706377,1.8641875765936837
1,13,9,Cc1cccc(O)c1NO,65.48004150390625,162.77064711473287,1.8360436409603031
1,13,10,Cc1cccc(O)c1NO,65.48004150390625,168.97413903472125,1.8655262910570432
1,14,0,Cc1cc(O)cc(N(C)C)c1C,79.93837151,135.5168436,1.0872366161277986
1,14,1,Cc1c(N(C)C)cc(O)c(O)c1C,82.7921371459961,159.7018577351898,1.060527352448956
1,14,2,Cc1c(C)c(N(C)C)c(O)c(O)c1O,75.24566650390625,160.81760083170235,1.319533451698728
1,14,3,Cc1c(C)c(N(C)C)c(O)c(O)c1O,74.49510955810547,172.77083978058695,1.3640525438575315
1,14,4,Cc1c(C)c(N(C)C)c(O)c(O)c1O,74.49510955810547,166.75013238343595,1.335438593551074
1,14,5,Cc1c(C)c(N(C)C)c(O)c(O)c1O,74.49510955810547,168.40431795120537,1.3433002583873708
1,14,6,Cc1c(C)c(N(C)C)c(O)c(O)c1O,74.49510955810547,152.5575710074991,1.26798717644275
1,14,7,Cc1c(C)c(N(C)C)c(O)c(O)c1O,74.49510955810547,173.12496512052715,1.3657355562032405
1,14,8,Cc1c(C)c(N(C)C)c(O)c(O)c1O,74.49510955810547,173.57543723961115,1.367876465232637
1,14,9,Cc1c(C)c(N(C)C)c(O)c(O)c1O,74.49510955810547,152.31318593282103,1.2668257145212178
1,14,10,Cc1c(C)c(N(C)C)c(O)c(O)c1O,74.49510955810547,151.57193400004508,1.2633028484242783
1,15,0,Cc1cc(C)c(N(C)C)c(C)c1O,76.8698525,133.0193578,1.0877563696174202
1,15,1,C#Cc1c(O)c(C)cc(C)c1N(C)C,81.62751770019531,168.16204072863758,1.146318524555012
1,15,2,Cc1cc(C)c(N(C)C)c(C#CO)c1O,82.52458953857422,171.05250458256901,1.0864826353406014
1,15,3,CCc1cc(C)c(N(C)C)c(C#CO)c1O,68.35553741455078,165.64104410661162,1.5768816681319882
1,15,4,CCc1cc(C)c(N(C)C#N)c(C#CO)c1O,68.35553741455078,167.39011051007807,1.546732724163111
1,15,5,CCc1cc(C)c(N(C)C#N)c(C#CO)c1O,68.35553741455078,175.81297483069002,1.5483016015995568
1,15,6,CCc1cc(C)c(N(C)C#N)c(C#CO)c1O,68.35553741455078,177.66955474987924,1.557125163690082
1,15,7,CCc1cc(C)c(N(C)C#N)c(C#CO)c1O,68.35553741455078,192.14290615002363,1.6259110604980882
1,15,8,CCc1cc(C)c(N(C)C#N)c(C#CO)c1O,68.35553741455078,182.4406219890952,1.5798000873969364
1,15,9,CCc1cc(C)c(N(C)C#N)c(C#CO)c1O,68.35553741455078,174.74901431362778,1.5432450340975952
1,15,10,CCc1cc(C)c(N(C)C#N)c(C#CO)c1O,68.35553741455078,187.438261681211,1.6035518169474288
2,0,0,Cc1cc(N(C)C)c(O)c(N(C)C)c1,72.09450901,127.8173082,1.1994029720067727
2,0,1,CNc1cc(C)cc(N(C)C)c1O,78.36164093017578,158.39301112480314,1.2277172895106383
2,0,2,Cc1cc(N)c(O)c(N(C)C)c1,75.15198516845703,152.4620956846565,1.3608708214925391
2,0,3,Cc1cc(NO)c(O)c(N(C)C)c1,75.80227661132812,165.40909996408223,1.4326643892356463
2,0,4,Cc1ccc(O)c(NO)c1,67.19194793701172,159.58068235504777,1.7062597023491801
2,0,5,Cc1ccc(O)c(NO)c1C,67.39152526855469,169.59412349339277,1.8531808445053637
2,0,6,Cc1cccc(O)c1NO,66.28346252441406,183.39423710108994,1.9264225900972138
2,0,7,Cc1cccc(O)c1NO,65.48004150390625,159.043021651569,1.8778515771276814
2,0,8,Cc1cccc(O)c1NO,65.48004150390625,182.42682198373228,1.9889851793016158
2,0,9,Cc1cccc(O)c1NO,65.48004150390625,165.84157974070757,1.9101623324070742
2,0,10,Cc1cccc(O)c1NO,65.48004150390625,175.84522249381095,1.9577055391665164
2,1,0,Cc1ccc(N(C)C)c(O)c1N(C)C,75.53953342,131.8898416,1.2284924220200604
2,1,1,CNc1ccc(C)c(N(C)C)c1O,78.94158935546875,154.5873398084551,1.1869312198937474
2,1,2,CNc1ccc(C)cc1O,74.45374298095703,157.9175743255824,1.414127785183233
2,1,3,CNc1ccc(C)c(N)c1O,73.65406799316406,159.79485854824335,1.5614920134826848
2,1,4,CNc1ccc(C=N)c(N)c1O,68.2425308227539,162.8964254748255,1.752326653226841
2,1,5,CNc1ccc(C=N)c(N)c1O,68.726318359375,171.3974555769533,1.7380787498473846
2,1,6,CNc1ccc(C=N)c(N)c1O,68.726318359375,165.59159377239644,1.7104858724322884
2,1,7,CNc1ccc(C=N)c(N)c1O,68.726318359375,172.67777814428212,1.7441635973414047
2,1,8,CNc1ccc(C=N)c(N)c1O,68.726318359375,167.7064972562045,1.7205371403642384
2,1,9,CNc1ccc(C=N)c(N)c1O,68.726318359375,171.89196441725196,1.7404289473323356
2,1,10,CNc1ccc(C=N)c(N)c1O,68.726318359375,166.42964745598138,1.71446879750644
2,3,0,Cc1c(C)c(N(C)C)c(O)c(N(C)C)c1C,78.19389649,127.4784534,1.1729706319415008
2,3,1,Cc1c(C)c(N(C)C)c(O)c(N(C)C=N)c1C,79.2378921508789,161.85223388897478,1.2098609387262593
2,3,2,Cc1c(C)c(N(C)C)c(O)c(N(C)C=N)c1C,79.1565933227539,140.3000168378845,1.079364149334781
2,3,3,Cc1cc(O)c(N(C)C)c(C)c1C,79.1565933227539,161.1750257471174,1.1785744959226747
2,3,4,Cc1c(C)c(O)c(O)c(N(C)C)c1C,81.60050201416016,171.8754246165067,1.2587741119280023
2,3,5,Cc1cc(O)c(O)c(C)c1C,75.33566284179688,150.06891517345906,1.3690935571670286
2,3,6,Cc1cc(C)c(O)c(O)c1,75.24566650390625,175.42876912845372,1.5868910022987956
2,3,7,Cc1cccc(O)c1O,76.0259017944336,180.00122955227195,1.609333492278008
2,3,8,Cc1ccc(O)c(O)c1O,77.24817657470703,186.4910092998445,1.6235867157629733
2,3,9,Cc1ccc(O)c(O)c1O,73.4686050415039,184.6530309865296,1.7315346083870762
2,3,10,Cc1ccc(O)c(O)c1O,73.4686050415039,183.0728243613273,1.7240245350908934
2,4,0,Cc1cc(N(C)C)c(O)c(N(C)C)c1C,74.74887208,130.7163998,1.2441191466341754
2,4,1,CNc1cc(C)c(C)c(N(C)C)c1O,78.1938247680664,159.2740441672057,1.2384728299049512
2,4,2,CNc1ccc(C)c(N(C)C)c1O,73.2103042602539,158.8223981937349,1.464715484358316
2,4,3,CNc1ccc(C)cc1O,74.45374298095703,156.68971851337255,1.4392446715871339
2,4,4,CNc1ccc(C)c(N)c1O,73.65406799316406,160.06880612849594,1.5866034976651098
2,4,5,CNc1ccc(C=N)c(N)c1O,68.2425308227539,158.56088982746004,1.7579121085481257
2,4,6,CNc1ccc(C=N)c(N)c1O,68.726318359375,167.77382962630392,1.749428572045759
2,4,7,CNc1ccc(C=N)c(N)c1O,68.726318359375,170.1430196602881,1.7606883595469844
2,4,8,CNc1ccc(C=N)c(N)c1O,68.726318359375,171.03776714314074,1.7649407269719966
2,4,9,CNc1ccc(C=N)c(N)c1O,68.726318359375,169.89421613721848,1.759505898554352
2,4,10,CNc1ccc(C=N)c(N)c1O,68.726318359375,163.61148114253433,1.7296466386588116
2,5,0,Cc1cc(C)c(O)c(N(C)C)c1C,74.2970656,132.052994,1.1781421106096237
2,5,1,CNc1c(C)c(C)cc(C)c1O,78.93131256103516,152.69668512316645,1.1783479498477132
2,5,2,CNc1cc(C)cc(C)c1O,75.41629028320312,173.5464042743206,1.4534781907901
2,5,3,CNc1cccc(C)c1O,71.51309204101562,160.39806953492166,1.5822229111728676
2,5,4,CNc1cccc(C)c1O,73.03565216064453,167.22151292469948,1.5935202220464357
2,5,5,CNc1cccc(C)c1O,73.03565216064453,163.19133405328841,1.5743664365614842
2,5,6,CNc1cccc(C)c1O,73.03565216064453,163.15062233647853,1.5741729504867017
2,5,7,CNc1cccc(C)c1O,73.03565216064453,167.693916121307,1.5957653604829483
2,5,8,CNc1cccc(C)c1O,73.03565216064453,166.16685802145304,1.5885078803062882
2,5,9,CNc1cccc(C)c1O,73.03565216064453,167.58433117869794,1.59524454824357
2,5,10,CNc1cccc(C)c1O,73.03565216064453,166.87948179001214,1.5918946884927148
2,6,0,Cc1cc(O)c(N(C)C)c(C)c1C,75.42030671,130.4904966,1.1764477241935944
2,6,1,Cc1c(C)c(O)c(O)c(N(C)C)c1C,81.60050201416016,163.85325906462668,1.1268980527608865
2,6,2,Cc1cc(O)c(O)c(C)c1C,75.33566284179688,150.3060969882846,1.269259246490422
2,6,3,Cc1cc(C)c(O)c(O)c1,75.24566650390625,172.7322111742258,1.4947484464048264
2,6,4,Cc1cccc(O)c1O,76.0259017944336,178.10569182516932,1.5282093951061895
2,6,5,Cc1ccc(O)c(O)c1O,77.24817657470703,185.1197013339758,1.5521656058721804
2,6,6,Cc1ccc(O)c(O)c1O,73.4686050415039,183.7271581498146,1.6550189303190654
2,6,7,Cc1ccc(O)c(O)c1O,73.4686050415039,184.3915439255744,1.6581764831310328
2,6,8,Cc1ccc(O)c(O)c1O,73.4686050415039,183.23228746271582,1.6526670131248387
2,6,9,Cc1ccc(O)c(O)c1O,73.4686050415039,183.68347021730096,1.6548112995130029
2,6,10,Cc1ccc(O)c(O)c1O,73.4686050415039,186.84340409801305,1.669829167858037
2,7,0,Cc1ccc(O)c(N(C)C)c1,71.90625631,130.8544518,1.2850924740607645
2,7,1,Cc1cc(N)c(O)c(N(C)C)c1,78.1409683227539,170.28260455479324,1.292860807514634
2,7,2,Cc1cc(NO)c(O)c(N(C)C)c1,75.80227661132812,161.92214007914365,1.2992091836781228
2,7,3,Cc1ccc(O)c(NO)c1,67.19194793701172,159.71450347331464,1.5802723225573143
2,7,4,Cc1ccc(O)c(NO)c1C,67.39152526855469,167.52475119588377,1.7459433702053269
2,7,5,Cc1cccc(O)c1NO,66.28346252441406,163.77805678434967,1.7260520818229759
2,7,6,Cc1cccc(O)c1NO,65.48004150390625,178.73794608616382,1.8740508693182576
2,7,7,Cc1cccc(O)c1NO,65.48004150390625,178.19660368599295,1.8714780911519249
2,7,8,Cc1cccc(O)c1NO,65.48004150390625,178.78065603577792,1.8742538521731338
2,7,9,Cc1cccc(O)c1NO,65.48004150390625,164.95134623655082,1.8085288206668795
2,7,10,Cc1cccc(O)c1NO,65.48004150390625,168.84312781321108,1.8270248606323556
2,8,0,Cc1cc(C)c(N(C)C)c(O)c1,75.63993486,131.5447117,1.1355674192204586
2,8,1,CNc1c(C)cc(C)cc1O,82.7346420288086,176.33919560841025,1.1418481567893124
2,8,2,CNc1ccc(C)cc1O,78.06924438476562,158.12865368747413,1.2795720224993825
2,8,3,CNc1ccc(C)c(N)c1O,73.65406799316406,162.30884194012285,1.5139161348416381
2,8,4,CNc1ccc(C=N)c(N)c1O,68.2425308227539,159.6137753582716,1.671249374520884
2,8,5,CNc1ccc(C=N)c(N)c1O,68.726318359375,171.82105412798524,1.6686633684128744
2,8,6,CNc1ccc(C=N)c(N)c1O,68.726318359375,161.2091108222425,1.618229158879763
2,8,7,CNc1ccc(C=N)c(N)c1O,68.726318359375,166.2791982229829,1.6423252026441275
2,8,8,CNc1ccc(C=N)c(N)c1O,68.726318359375,172.31072047530412,1.6709905515168992
2,8,9,CNc1ccc(C=N)c(N)c1O,68.726318359375,162.0066720276296,1.6220196398302416
2,8,10,CNc1ccc(C=N)c(N)c1O,68.726318359375,166.15804930267333,1.6417494315666192
2,9,0,Cc1cccc(O)c1N(C)C,76.26744386,134.7324574,1.0491637573691692
2,9,1,Cc1ccc(O)c(O)c1N(C)C,82.87566375732422,168.8592270749271,1.1007793238840202
2,9,2,Cc1cc(O)c(O)c(O)c1N(C)C,76.12633514404297,170.63329836373032,1.3279260383679639
2,9,3,CNc1c(C)cc(O)c(O)c1O,73.99625396728516,167.5025647981584,1.3509641278518694
2,9,4,CNc1c(C)cc(O)c(O)c1O,73.5077896118164,178.20609554953873,1.466406735250682
2,9,5,CNc1c(C)cc(O)c(O)c1O,73.5077896118164,176.5150792694807,1.458370029160649
2,9,6,CNc1c(C)cc(O)c(O)c1O,73.5077896118164,171.53781364838184,1.4347151292046145
2,9,7,CNc1c(C)cc(O)c(O)c1O,73.5077896118164,173.28951503880322,1.443040246708413
2,9,8,CNc1c(C)cc(O)c(O)c1O,73.5077896118164,174.3816542465642,1.4482307359577982
2,9,9,CNc1c(C)cc(O)c(O)c1O,73.5077896118164,171.50963976856173,1.4345812303213215
2,9,10,CNc1c(C)cc(O)c(O)c1O,73.5077896118164,177.79340738398136,1.4644453978392493
2,10,0,Cc1ccc(N(C)C)c(O)c1C,,138.4975114,1.2180669238873152
2,10,1,Cc1c(N)cc(N(C)C)c(O)c1C,77.93195343017578,160.50492396027147,1.2545723832535325
2,10,2,Cc1c(NO)cc(N(C)C)c(O)c1C,76.90568542480469,166.02330896295308,1.2793006326306835
2,10,3,CNc1cc(NO)c(C)c(C)c1O,70.34581756591797,157.96594977205694,1.4560949484110233
2,10,4,Cc1c(NO)cc(N(C)O)c(O)c1C,70.34581756591797,151.5960303165883,1.4674880032358046
2,10,5,Cc1c(NO)cc(N(C)O)c(O)c1C,66.04927825927734,145.80329155804367,1.566458079856842
2,10,6,Cc1c(NO)cc(N(C)O)c(O)c1C,66.04927825927734,146.99358643531502,1.5721150627031417
2,10,7,Cc1c(NO)cc(N(C)O)c(O)c1C,66.04927825927734,165.38448166720718,1.659519436897716
2,10,8,Cc1c(NO)cc(N(C)O)c(O)c1C,66.04927825927734,162.6256114947349,1.646407659691196
2,10,9,Cc1c(NO)cc(N(C)O)c(O)c1C=O,66.04927825927734,150.524858292453,1.5888977479880222
2,10,10,Cc1c(NO)cc(N(C)O)c(O)c1C=O,66.04927825927734,162.1807151839882,1.6026265835228726
2,11,0,Cc1c(C)c(C)c(N(C)C)c(O)c1C,73.24912557,129.0786013,1.246373311333005
2,11,1,Cc1cc(N(C)C)c(O)c(C)c1C,78.26557159423828,170.61918187128006,1.2895834288532124
2,11,2,CNc1cc(C)c(C)c(C)c1O,76.90568542480469,158.55760537188948,1.3212001610748871
2,11,3,Cc1cc(N)c(O)c(C)c1C,72.22449493408203,158.57680387034864,1.5402282519754749
2,11,4,Cc1cc(NO)c(O)c(C)c1C,73.30563354492188,168.7118499315709,1.5817943080984558
2,11,5,Cc1cc(NO)c(O)c(C#N)c1C,67.19194793701172,159.6380091284901,1.7422464386806944
2,11,6,Cc1c(C#N)cc(NO)c(O)c1C#N,67.19194793701172,171.29831333368867,1.7619487914238119
2,11,7,Cc1c(C#N)cc(NO)c(O)c1C#N,67.19194793701172,180.6113094427377,1.770495352532054
2,11,8,Cc1c(C#N)cc(NO)c(O)c1C#N,67.19194793701172,194.5066798219338,1.8365343428520755
2,11,9,Cc1c(C#N)cc(NO)c(O)c1C#N,67.19194793701172,183.27801933138073,1.783169129748246
2,11,10,Cc1cc(NO)c(O)c(C#N)c1C,67.19194793701172,178.73374481457918,1.7615720587355952
2,12,0,Cc1ccc(C)c(N(C)C)c1O,74.673571,133.2201607,1.1374757986105124
2,12,1,Cc1cccc(N(C)C)c1O,80.41759490966797,155.5307362705961,1.1336436967759935
2,12,2,CNc1cccc(C)c1O,78.79756927490234,164.83982250985204,1.2829606969710863
2,12,3,CNc1cccc(C)c1O,73.03565216064453,169.54043168239295,1.5724898087603008
2,12,4,CNc1cccc(C)c1O,73.03565216064453,168.2971769349426,1.5665811293950413
2,12,5,CNc1cccc(C)c1O,73.03565216064453,165.9422714305267,1.5553892303979824
2,12,6,CNc1cccc(C)c1O,73.03565216064453,165.59172641519308,1.5537232338651366
2,12,7,CNc1cccc(C)c1O,73.03565216064453,169.15047216930986,1.570636491302261
2,12,8,CNc1cccc(C)c1O,73.03565216064453,167.3096760556519,1.5618879431589892
2,12,9,CNc1cccc(C)c1O,73.03565216064453,167.55728785535695,1.5630647403797617
2,12,10,CNc1cccc(C)c1O,73.03565216064453,167.5840940711081,1.5631921393172639
2,13,0,Cc1cc(N(C)C)c(O)c(C)c1C,69.77272571,126.2987364,1.2727234408436037
2,13,1,CNc1cc(C)c(C)c(C)c1O,76.90568542480469,157.18382392713428,1.2789568561940563
2,13,2,Cc1cc(N)c(O)c(C)c1C,72.22449493408203,155.2171944719136,1.491294374909455
2,13,3,Cc1cc(NO)c(O)c(C)c1C,73.30563354492188,168.35175497851372,1.5498631444127957
2,13,4,Cc1cc(NO)c(O)c(C#N)c1C,67.19194793701172,161.4486296931818,1.7178845418620243
2,13,5,Cc1c(C#N)cc(NO)c(O)c1C#N,67.19194793701172,174.4066550082907,1.7410071774813913
2,13,6,Cc1c(C#N)cc(NO)c(O)c1C#N,67.19194793701172,182.19056935575156,1.7395393880323629
2,13,7,Cc1c(C#N)cc(NO)c(O)c1C#N,67.19194793701172,184.6032181182459,1.751005717027128
2,13,8,Cc1c(C#N)cc(NO)c(O)c1C#N,67.19194793701172,185.97083923290967,1.7575054586740262
2,13,9,Cc1c(C#N)cc(NO)c(O)c1C#N,67.19194793701172,197.83622569614798,1.813896768902235
2,13,10,Cc1cc(NO)c(O)c(C#N)c1C,67.19194793701172,187.79249286048113,1.766163030440356
2,14,0,Cc1cc(C)c(N(C)C)c(O)c1C,74.43511758,130.3775449,1.1626319780817949
2,14,1,Cc1ccc(N(C)C)c(O)c1C,79.35836791992188,164.61339163423776,1.2182681464922536
2,14,2,Cc1c(N)cc(N(C)C)c(O)c1C,77.93195343017578,160.0910440713495,1.2910669205317782
2,14,3,Cc1c(NO)cc(N(C)C)c(O)c1C,76.90568542480469,156.56100551731288,1.2759968560058708
2,14,4,CNc1cc(NO)c(C)c(C)c1O,70.34581756591797,158.42056577581616,1.5031273464947
2,14,5,Cc1c(NO)cc(N(C)O)c(O)c1C,70.34581756591797,157.7570404600635,1.5384354215574017
2,14,6,Cc1c(NO)cc(N(C)O)c(O)c1C,66.04927825927734,155.4761925904438,1.6573012018838726
2,14,7,Cc1c(NO)cc(N(C)O)c(O)c1C,66.04927825927734,166.03378258937448,1.7074770924658176
2,14,8,Cc1c(NO)cc(N(C)O)c(O)c1C,66.04927825927734,154.53203119859992,1.6528139904375432
2,14,9,Cc1c(NO)cc(N(C)O)c(O)c1C=O,66.04927825927734,144.60575630842746,1.605638481365298
2,14,10,Cc1c(NO)cc(N(C)O)c(O)c1C=O,66.04927825927734,150.50975900622458,1.595236243690225
2,15,0,Cc1ccc(N(C)C)c(O)c1,72.25138626,129.7123854,1.2124176732643797
2,15,1,CNc1ccc(C)cc1O,79.90997314453125,160.55232692199348,1.177377654440314
2,15,2,CNc1ccc(C)c(N)c1O,73.65406799316406,163.84754992622436,1.4833501942656926
2,15,3,CNc1ccc(C=N)c(N)c1O,68.2425308227539,162.2488942687273,1.6421063461215522
2,15,4,CNc1ccc(C=N)c(N)c1O,68.726318359375,160.09272169345618,1.5674688742576113
2,15,5,CNc1ccc(C=N)c(N)c1O,68.726318359375,173.66539998280703,1.6319742415639176
2,15,6,CNc1ccc(C=N)c(N)c1O,68.726318359375,158.96548197154402,1.5621115666758607
2,15,7,CNc1ccc(C=N)c(N)c1O,68.726318359375,170.37338102374673,1.6163286270723312
2,15,8,CNc1ccc(C=N)c(N)c1O,68.726318359375,163.12562329292297,1.5818830103261712
2,15,9,CNc1ccc(C=N)c(N)c1O,68.726318359375,162.4259284170598,1.5785576478584475
2,15,10,CNc1ccc(C=N)c(N)c1O,68.726318359375,166.87158232729436,1.599686015619245
3,0,0,Cc1cc(C)c(O)c(N(C)C)c1,70.36258417,129.2794042,1.2913233919849505
3,0,1,CNc1cc(C)cc(C)c1O,77.1530532836914,160.06952569848596,1.2829893933994405
3,0,2,CNc1cccc(C)c1O,71.51309204101562,161.83052926638126,1.5537743938878685
3,0,3,CNc1cccc(C)c1O,73.03565216064453,167.29052222963722,1.5617969128880242
3,0,4,CNc1cccc(C)c1O,73.03565216064453,162.7736941190794,1.5403302833754406
3,0,5,CNc1cccc(C)c1O,73.03565216064453,163.19439755207597,1.542329714062143
3,0,6,CNc1cccc(C)c1O,73.03565216064453,163.6800090159744,1.5446376259701045
3,0,7,CNc1cccc(C)c1O,73.03565216064453,167.23843003578335,1.5615493400783915
3,0,8,CNc1cccc(C)c1O,73.03565216064453,166.6721219245732,1.558857910137787
3,0,9,CNc1cccc(C)c1O,73.03565216064453,163.44428661554605,1.5435173341826034
3,0,10,CNc1cccc(C)c1O,73.03565216064453,164.50545785390287,1.548560645388086
3,3,0,Cc1cccc(N(C)C)c1O,71.63015235,131.638838,1.2322781743402242
3,3,1,CNc1cccc(C)c1O,78.79756927490234,157.30083068093955,1.2054642974634964
3,3,2,CNc1cccc(C)c1O,73.03565216064453,166.52463206920325,1.5202781635320797
3,3,3,CNc1cccc(C)c1O,73.03565216064453,166.3804768399954,1.5195930529141943
3,3,4,CNc1cccc(C)c1O,73.03565216064453,165.2723074409902,1.5143263787474217
3,3,5,CNc1cccc(C)c1O,73.03565216064453,165.32885313392282,1.51459511720968
3,3,6,CNc1cccc(C)c1O,73.03565216064453,168.94237074129285,1.5317686827773611
3,3,7,CNc1cccc(C)c1O,73.03565216064453,164.5377024243161,1.5108351027136564
3,3,8,CNc1cccc(C)c1O,73.03565216064453,168.08366533026697,1.5276876085217665
3,3,9,CNc1cccc(C)c1O,73.03565216064453,165.78284681616725,1.516752762782912
3,3,10,CNc1cccc(C)c1O,73.03565216064453,167.4501949478805,1.5246769838814134
3,4,0,Cc1cc(O)c(N(C)C)c(C)c1N(C)C,73.03577251,130.2520431,1.089687888216583
3,4,1,Cc1c(N(C)C)ccc(O)c1N(C)C,81.60050201416016,169.8563112244576,1.1554280949731617
3,4,2,CNc1ccc(O)c(N(C)C)c1C,80.94667053222656,153.18439894102812,1.1351177455976886
3,4,3,Cc1c(N(C)O)ccc(O)c1N(C)C,80.94667053222656,156.21669711886048,1.182862347184303
3,4,4,Cc1c(NO)ccc(O)c1N(C)C,67.03887176513672,167.91167401364595,1.74946395926599
3,4,5,Cc1c(NO)cc(N)c(O)c1N(C)C,69.7281723022461,167.66591612038613,1.676369642693532
3,4,6,Cc1c(NO)cc(N)c(O)c1N(C)C,70.34581756591797,161.00938238485455,1.5872258007288398
3,4,7,Cc1c(NO)cc(N)c(O)c1N(C)C,70.34581756591797,156.75787698006033,1.5670201411018692
3,4,8,Cc1c(NO)cc(N)c(O)c1N(C)C,70.34581756591797,160.1028396584928,1.5829173753542616
3,4,9,Cc1c(NO)cc(N)c(O)c1N(C)C,70.34581756591797,150.02472656593324,1.535020241647047
3,4,10,Cc1c(NO)cc(N)c(O)c1N(C)C,70.34581756591797,154.98510119214654,1.558594865639411
3,5,0,Cc1c(C)c(N(C)C)c(C)c(N(C)C)c1O,71.50465055,123.4310203,1.1970087740346842
3,5,1,Cc1c(N(C)C)cc(N(C)C)c(O)c1C,78.26557159423828,163.3135918811232,1.2548629591229243
3,5,2,Cc1cc(N(C)C)cc(N(C)C)c1O,76.90568542480469,152.29139265260696,1.2869551390564111
3,5,3,CNc1cc(N(C)C)cc(C)c1O,77.1530532836914,146.17276669353544,1.2794438035113431
3,5,4,CNc1cc(N(C)C#N)cc(C)c1O,71.51309204101562,151.28456372476816,1.5557370829121753
3,5,5,CNc1cc(N(C)C#N)cc(C)c1O,71.51309204101562,172.24034281902908,1.624081297027285
3,5,6,CNc1cc(N(C)C#N)cc(C)c1O,71.51309204101562,162.11857443920374,1.5759766876634678
3,5,7,CNc1cc(N(C)C#N)cc(C)c1O,71.51309204101562,159.53084680690765,1.5636782806835494
3,5,8,CNc1cc(N(C)C#N)cc(C)c1O,71.51309204101562,160.67625378108025,1.5691219297562737
3,5,9,CNc1cc(N(C)C#N)cc(C)c1O,71.51309204101562,162.95725147520602,1.579962575275726
3,5,10,CNc1cc(N(C)C#N)cc(C)c1O,71.51309204101562,161.66177257837356,1.5738056959703857
3,6,0,Cc1c(N(C)C)cc(N(C)C)c(O)c1C,67.90274889,120.9774601,1.2736869598179759
3,6,1,Cc1cc(N(C)C)cc(N(C)C)c1O,76.90568542480469,153.1212857114911,1.2596492800319086
3,6,2,CNc1cc(N(C)C)cc(C)c1O,77.1530532836914,152.83549615347982,1.2819423544173547
3,6,3,CNc1cc(N(C)C#N)cc(C)c1O,71.51309204101562,154.63008996326923,1.5445536622008567
3,6,4,CNc1cc(N(C)C#N)cc(C)c1O,71.51309204101562,175.4374888459787,1.610109352758341
3,6,5,CNc1cc(N(C)C#N)cc(C)c1O,71.51309204101562,165.9384725545764,1.5649644283843327
3,6,6,CNc1cc(N(C)C#N)cc(C)c1O,71.51309204101562,181.8173039351642,1.6404299944843823
3,6,7,CNc1cc(N(C)C#N)cc(C)c1O,71.51309204101562,163.9023595792383,1.555287619389724
3,6,8,CNc1cc(N(C)C#N)cc(C)c1O,71.51309204101562,174.37649251742363,1.6050668728273325
3,6,9,CNc1cc(N(C)C#N)cc(C)c1O,71.51309204101562,172.42487300354242,1.5957916265641219
3,6,10,CNc1cc(N(C)C#N)cc(C)c1O,71.51309204101562,170.2896263757944,1.5856436760214125
3,7,0,Cc1cc(N(C)C)cc(N(C)C)c1O,65.6374414,119.0070819,1.2404875282639174
3,7,1,CNc1cc(N(C)C)cc(C)c1O,77.1530532836914,154.76903432364762,1.2577983341443106
3,7,2,CNc1cc(N(C)C#N)cc(C)c1O,71.51309204101562,142.90787009367943,1.457890383059248
3,7,3,CNc1cc(N(C)C#N)cc(C)c1O,71.51309204101562,162.73594281080068,1.516410786057622
3,7,4,CNc1cc(N(C)C#N)cc(C)c1O,71.51309204101562,154.7746843569696,1.4785741933205985
3,7,5,CNc1cc(N(C)C#N)cc(C)c1O,71.51309204101562,172.64028353074193,1.563482051024381
3,7,6,CNc1cc(N(C)C#N)cc(C)c1O,71.51309204101562,164.12522696832121,1.5230134832529136
3,7,7,CNc1cc(N(C)C#N)cc(C)c1O,71.51309204101562,162.8967450546205,1.5171750131011095
3,7,8,CNc1cc(N(C)C#N)cc(C)c1O,71.51309204101562,162.85072075326144,1.5169562784931792
3,7,9,CNc1cc(N(C)C#N)cc(C)c1O,71.51309204101562,160.18060819888711,1.5042663298038161
3,7,10,CNc1cc(N(C)C#N)cc(C)c1O,71.51309204101562,160.6074052969426,1.5062947211786368
3,8,0,Cc1cc(N(C)C)c(C)c(N(C)C)c1O,70.85831628,123.9581279,1.1720686233223676
3,8,1,Cc1cc(N(C)C)cc(N(C)C)c1O,78.93131256103516,152.32674573788643,1.1765897798373566
3,8,2,CNc1cc(N(C)C)cc(C)c1O,77.1530532836914,143.53811031469704,1.237755696800215
3,8,3,CNc1cc(N(C)C#N)cc(C)c1O,71.51309204101562,141.08931261014342,1.4801999069467
3,8,4,CNc1cc(N(C)C#N)cc(C)c1O,71.51309204101562,161.76704628645777,1.5451393520154861
3,8,5,CNc1cc(N(C)C#N)cc(C)c1O,71.51309204101562,162.0103894622773,1.5462958622195213
3,8,6,CNc1cc(N(C)C#N)cc(C)c1O,71.51309204101562,174.27839870206714,1.6046006731978155
3,8,7,CNc1cc(N(C)C#N)cc(C)c1O,71.51309204101562,163.26490304026902,1.552258050183749
3,8,8,CNc1cc(N(C)C#N)cc(C)c1O,71.51309204101562,164.793745288828,1.5595240096866774
3,8,9,CNc1cc(N(C)C#N)cc(C)c1O,71.51309204101562,175.15201714959144,1.6087526229929665
3,8,10,CNc1cc(N(C)C#N)cc(C)c1O,71.51309204101562,173.9356194757521,1.602971584271736
3,9,0,Cc1c(N(C)C)ccc(O)c1N(C)C,76.14194206,130.9736785,1.1196293046452797
3,9,1,CNc1ccc(O)c(N(C)C)c1C,80.94667053222656,159.99364783339502,1.1341459765421151
3,9,2,Cc1c(N(C)O)ccc(O)c1N(C)C,80.94667053222656,155.37658437922002,1.1479172553097357
3,9,3,Cc1c(NO)ccc(O)c1N(C)C,67.03887176513672,158.65136321105956,1.6721201707404736
3,9,4,Cc1c(NO)cc(N)c(O)c1N(C)C,69.7281723022461,174.10823380115627,1.6760349526229896
3,9,5,Cc1c(NO)cc(N)c(O)c1N(C)C,70.34581756591797,165.1117900699124,1.5733895267763724
3,9,6,Cc1c(NO)cc(N)c(O)c1N(C)C,70.34581756591797,155.8827919018209,1.5295278876797578
3,9,7,Cc1c(NO)cc(N)c(O)c1N(C)C,70.34581756591797,164.92553999628723,1.5725043566460641
3,9,8,Cc1c(NO)cc(N)c(O)c1N(C)C,70.34581756591797,165.60233680802136,1.5757208940163563
3,9,9,Cc1c(NO)cc(N)c(O)c1N(C)C,70.34581756591797,152.6783378065914,1.5142984330340115
3,9,10,Cc1c(NO)cc(N)c(O)c1N(C)C,70.34581756591797,158.88091428510248,1.5437767324132672
3,10,0,Cc1cc(O)c(N(C)C)cc1N(C)C,69.45897121,122.1320767,1.200113321591213
3,10,1,Cc1c(N(C)C)cc(N(C)C)c(O)c1N,78.27411651611328,154.70425996644497,1.2136118896674024
3,10,2,Cc1c(N(C)C)cc(N(C)C)c(O)c1NO,77.05638885498047,146.38742741093637,1.1860331736263159
3,10,3,CN(C)c1cc(NO)c(O)c(N(C)C)c1,65.52507781982422,147.81839886272698,1.6084571104944234
3,10,4,CN(C)c1ccc(O)c(NO)c1,67.19194793701172,153.1817608613655,1.604419684298607
3,10,5,CCN(C)c1ccc(O)c(NO)c1,67.39152526855469,146.26439537527563,1.6708756539355174
3,10,6,CN(CCN)c1ccc(O)c(NO)c1,67.39151763916016,165.22082347964943,1.725253786580779
3,10,7,CCN(C)c1ccc(O)c(NO)c1,67.39152526855469,166.24963674831093,1.6944287293116376
3,10,8,CCN(C)c1ccc(O)c(NO)c1,67.39151763916016,164.08739559327663,1.719867069194053
3,10,9,CCN(C)c1ccc(O)c(NO)c1,67.39151763916016,158.99637090508492,1.6956715190987603
3,10,10,CCN(C)c1ccc(O)c(NO)c1,67.39151763916016,159.29834597699343,1.6971066826321133
3,11,0,COc1c(O)cc(C(C)(C)C)c(OC)c1C(C)(C)C,76.3050944,145.4754115,1.0405304991311577
3,11,1,COc1c(C(C)(C)C)cc(O)c(OC#N)c1C(C)(C)C,84.39051818847656,171.94449783740342,1.0561506985080713
3,11,2,CC(C)(C)c1cc(O)c(OC#N)c(C(C)(C)C)c1OC#N,87.0962905883789,183.69257377421408,0.9797643155461978
3,11,3,CC(C)(C)c1c(OC#N)c(O)cc(C(C)(C)C=N)c1OC#N,87.0962905883789,206.26994782620372,1.0607495152352877
3,11,4,CC(C)(C)c1c(O)c(O)cc(C(C)(C)C=N)c1OC#N,87.0962905883789,207.43291656919718,1.0399608387111092
3,11,5,C#CC(C)(C)c1c(O)c(O)cc(C(C)(C)C=N)c1OC#N,78.03591918945312,186.35547860149146,1.3470444295488286
3,11,6,CC(C)(C#CO)c1c(O)c(O)cc(C(C)(C)C=N)c1OC#N,80.41300201416016,185.69194332034738,1.2245357181797087
3,11,7,CC(C)(C=N)c1cc(O)c(O)c(C(C)(C#CO)C=N)c1OC#N,70.43034362792969,187.62818726611286,1.59814498564524
3,11,8,CC(C)(C=N)c1cc(O)c(O)c(C(C)(C#CO)C=NO)c1OC#N,70.51981353759766,112.53759153659792,1.2114525580738258
3,11,9,CC(C)(C=N)c1cc(O)c(O)c(C(C)(C#CO)CNO)c1OC#N,70.51981353759766,178.55279839101433,1.4988799425827593
3,11,10,CC(C)(C=N)c1cc(O)c(O)c(C(C#CO)(C=O)CNO)c1OC#N,70.5239028930664,171.72871377984137,1.4662878121817893
4,5,0,COc1cc(C(C)(C)C)cc(OC)c1O,77.93034271,140.6373171,0.9227188836872072
4,5,1,COc1cccc(OC)c1O,85.78690338134766,167.6364811030954,0.9810217185513289
4,5,2,COc1cccc(O)c1O,84.84947967529297,181.09696626634897,1.2150181287352462
4,5,3,COc1ccc(O)c(O)c1O,80.82854461669922,184.7591246057868,1.4231362539045196
4,5,4,COc1cc(O)c(O)c(O)c1O,75.87224578857422,179.6967566034496,1.5597339119334181
4,5,5,N#COc1cc(O)c(O)c(O)c1O,74.06809997558594,172.29636343892216,1.561844110952855
4,5,6,N#COc1cc(O)c(O)c(O)c1O,74.06809997558594,194.6621711993754,1.6348062790624625
4,5,7,N#COc1cc(O)c(O)c(O)c1O,74.06809997558594,195.23595026147066,1.6375332153652378
4,5,8,N#COc1cc(O)c(O)c(O)c1O,74.06809997558594,176.4119927930042,1.5480706741647725
4,5,9,N#COc1cc(O)c(O)c(O)c1O,74.06809997558594,195.95335260705053,1.64094273416628
4,5,10,N#COc1cc(O)c(O)c(O)c1O,74.06809997558594,191.40670254710614,1.6193343731724101
4,8,0,COc1ccc(C(C)(C)C)c(OC)c1O,74.62337028,151.6877506,1.073035619613626
4,8,1,COc1c(C(C)(C)C)ccc(O)c1O,84.25199127197266,178.9310159238875,1.094776716686416
4,8,2,CC(C)(C)c1ccc(O)c(O)c1O,77.90140533447266,179.4340118413657,1.3790635569443541
4,8,3,CC(C)(C)c1ccc(O)c(O)c1O,74.70616912841797,181.68637690403014,1.5481635251537398
4,8,4,CC(C)(C)c1ccc(O)c(O)c1O,74.70616912841797,180.2048575504273,1.5411224719409384
4,8,5,CC(C)(C)c1ccc(O)c(O)c1O,74.70616912841797,178.4800441606939,1.532925142064868
4,8,6,CC(C)(C)c1ccc(O)c(O)c1O,74.70616912841797,179.95720382735132,1.5399454754755966
4,8,7,CC(C)(C)c1cc(O)c(O)c(O)c1O,74.70616912841797,179.28135372780562,1.5367334374396397
4,8,8,CC(C)(C)c1cc(O)c(O)c(O)c1O,74.06809997558594,174.2831106140554,1.5046196379007888
4,8,9,CC(C)(C)c1cc(O)c(O)c(O)c1O,74.06809997558594,172.6625273153767,1.4969176708532275
4,8,10,COc1c(C(C)(C)C)cc(O)c(O)c1O,74.06809997558594,177.25749337308108,1.5187556579471073
4,11,0,COc1cccc(C(C)(C)C)c1O,75.65248504,147.4081392,1.0545274964438747
4,11,1,COc1cccc(C(C)C)c1O,85.59246826171875,179.99395000562967,1.0473619170083066
4,11,2,CC(C)c1cccc(O)c1O,85.54285430908203,175.76868313290774,1.0676843950461026
4,11,3,CC(C)c1c(N)ccc(O)c1O,78.28108978271484,186.23220361645966,1.4401014033751292
4,11,4,CC(C)c1c(NO)ccc(O)c1O,76.97045135498047,178.17390527332722,1.4146406841744774
4,11,5,Cc1cc(NO)c(C(C)C)c(O)c1O,70.13141632080078,161.68307377443017,1.5654859458229986
4,11,6,Cc1cc(NO)c(C(C)(C)C)c(O)c1O,70.1835708618164,172.57415181849598,1.576743892421579
4,11,7,Cc1cc(NO)c(C2(C)CC2)c(O)c1O,70.05854034423828,160.23742364465744,1.484544665041024
4,11,8,CCc1cc(NO)c(C2(C)CC2)c(O)c1O,70.1534652709961,158.97238111514002,1.4555862908799475
4,11,9,CCc1cc(NO)c(C2(C)CC2)c(O)c1O,70.1534652709961,162.98360856107325,1.4361884695590468
4,11,10,CCc1cc(NO)c(C2(C)CC2)c(O)c1O,70.1534652709961,164.4155205396369,1.442993759285837
4,15,0,COc1ccc(C(C)(C)C)cc1O,76.38667057,145.7766158,0.8955341023365452
4,15,1,COc1cc(N)c(C(C)(C)C)cc1O,88.94828033447266,178.86435638952852,0.9106463881102254
4,15,2,COc1cc(NO)c(C(C)(C)C)cc1O,87.53260040283203,172.03433687229156,0.8951345155375529
4,15,3,COc1c(O)cc(C(C)(C)C)c(NO)c1O,70.3565902709961,159.39484670425355,1.4688745198292177
4,15,4,CC(C)(C)c1cc(O)c(O)c(O)c1NO,68.60289764404297,151.20921814903468,1.4601498663406869
4,15,5,CC(C)(C)c1cc(O)c(O)c(O)c1NO,68.60289764404297,173.0071549499899,1.6022080487283163
4,15,6,CC(C)(C)c1cc(O)c(O)c(O)c1NO,68.60289764404297,159.743030265446,1.5391691100212481
4,15,7,CC(C)(C)c1cc(O)c(O)c(O)c1NO,68.60289764404297,160.04830972370803,1.5406199779462406
4,15,8,CC(C)(C)c1cc(O)c(O)c(O)c1NO,68.60289764404297,164.6876774421349,1.5626689879033209
4,15,9,CC(C)(C)c1cc(O)c(O)c(O)c1NO,68.60289764404297,169.95865201474578,1.5877197659163262
4,15,10,CC(C)(C)c1cc(O)c(O)c(O)c1NO,68.60289764404297,175.4456422543615,1.6137971777039635
5,2,0,COc1c(O)cccc1C(C)(C)C,77.67306402,145.4314858,1.0824764490611876
5,2,1,COc1c(C(C)(C)C)ccc(O)c1O,84.9778823852539,186.4380607695937,1.1020431215549529
5,2,2,CC(C)(C)c1ccc(O)c(O)c1O,77.90140533447266,179.93880290384294,1.3096677498148237
5,2,3,CC(C)(C)c1ccc(O)c(O)c1O,74.70616912841797,180.58015762904287,1.4762394524590854
5,2,4,CC(C)(C)c1ccc(O)c(O)c1O,74.70616912841797,176.92788701973558,1.4588817097842122
5,2,5,CC(C)(C)c1ccc(O)c(O)c1O,74.70616912841797,178.28204214146734,1.4653174530955053
5,2,6,CC(C)(C)c1ccc(O)c(O)c1O,74.70616912841797,178.8248810685277,1.4678973436397071
5,2,7,CC(C)(C)c1cc(O)c(O)c(O)c1O,74.70616912841797,181.13749929338098,1.4788882685591065
5,2,8,CC(C)(C)c1cc(O)c(O)c(O)c1O,74.06809997558594,173.3270302703947,1.428280908775226
5,2,9,CC(C)(C)c1cc(O)c(O)c(O)c1O,74.06809997558594,172.11065252733826,1.4224999647768237
5,2,10,COc1c(C(C)(C)C)cc(O)c(O)c1O,74.06809997558594,176.66680544712244,1.4441534889618748
5,5,0,COc1cc(C(C)(C)C)ccc1O,75.90348864,146.4480504,1.0323677513299934
5,5,1,COc1c(O)ccc(C(C)(C)C)c1O,85.68220520019531,177.63981424179525,1.0326613578009347
5,5,2,CC(C)(C)c1ccc(O)c(O)c1O,85.07494354248047,182.17429037335515,1.039518643404935
5,5,3,CC(C)(C)c1ccc(O)c(O)c1O,74.70616912841797,178.54714492135048,1.4665773777637043
5,5,4,CC(C)(C)c1ccc(O)c(O)c1O,74.70616912841797,181.22942693686485,1.4793251629053892
5,5,5,CC(C)(C)c1ccc(O)c(O)c1O,74.70616912841797,179.17770884577334,1.4695741892026757
5,5,6,CC(C)(C)c1ccc(O)c(O)c1O,74.70616912841797,182.04900993920117,1.4832203044151668
5,5,7,CC(C)(C)c1cc(O)c(O)c(O)c1O,74.70616912841797,176.55929330593645,1.457129935197905
5,5,8,CC(C)(C)c1cc(O)c(O)c(O)c1O,74.06809997558594,173.428268338573,1.4287620517474533
5,5,9,CC(C)(C)c1cc(O)c(O)c(O)c1O,74.06809997558594,175.5842464168936,1.439008530362918
5,5,10,COc1c(C(C)(C)C)cc(O)c(O)c1O,74.06809997558594,171.01347048786582,1.4172855090187746
5,9,0,COc1c(C(C)(C)C)c(O)c(C(C)(C)C)c(OC)c1C(C)(C)C,72.09450901,,0.8747498118348026
5,9,1,COc1c(C(C)(C)C)cc(C(C)(C)C)c(O)c1C(C)(C)C,87.38208770751953,153.2685872553259,0.8503012423672611
5,9,2,COc1c(C(C)(C)C)cc(C(C)(C)C)c(O)c1C(C)(C)C#N,86.64488983154297,167.27454392715543,0.9891981104235943
5,9,3,C=CC(C)(C)c1cc(C(C)(C)C)c(OC)c(C(C)(C)C#N)c1O,88.24718475341797,176.37914995546936,0.9480153486125459
5,9,4,C=C(O)C(C)(C)c1cc(C(C)(C)C)c(OC)c(C(C)(C)C#N)c1O,89.37249755859375,175.85934310987145,0.87976086213481
5,9,5,COc1c(C(C)(C)C)cc(C(C)(C)C(O)=CN)c(O)c1C(C)(C)C#N,83.50084686279297,161.32345647289455,1.018756000621453
5,9,6,COc1c(C(C)(C)C)cc(C(C)(C)C(O)=CNO)c(O)c1C(C)(C)C#N,66.16685485839844,168.6127939404875,1.7101153847827932
5,9,7,COc1c(C(C)(C)C)cc(C(C)(C)C(=CNO)ON)c(O)c1C(C)(C)C#N,67.86444854736328,158.7818960937798,1.5752099381448585
5,9,8,C=NOC(=CNO)C(C)(C)c1cc(C(C)(C)C)c(OC)c(C(C)(C)C#N)c1O,69.1562271118164,159.74254677214324,1.5074759613536937
5,9,9,C=NOC(=CNO)C(C)(C)c1cc(C(C)(C)C)c(OC)c(C(C)(C)C#N)c1O,69.1562271118164,162.51883885432184,1.4989314073092637
5,9,10,C=NOC(=CNO)C(C)(C)c1cc(C(C)(C)C)c(OC)c(C(C)(C)C#N)c1O,69.1562271118164,154.82825520873516,1.4623812208035047
5,12,0,COc1ccc(O)c(C)c1C,74.24058979,146.561002,1.0741598946369773
5,12,1,COc1cc(O)c(O)c(C)c1C,83.78545379638672,174.42966440989673,1.0916439942982437
5,12,2,COc1c(C)c(C)c(O)c(O)c1O,75.24566650390625,171.26659143087565,1.3654053351339508
5,12,3,COc1c(O)c(O)c(O)c(C)c1C#N,74.44204711914062,174.17367961956262,1.3652207806183319
5,12,4,COc1c(O)c(O)c(O)c(C)c1C#N,74.44204711914062,189.35096256147622,1.3918976295730983
5,12,5,COc1c(O)c(O)c(O)c(C)c1C#N,74.44204711914062,188.70567494299263,1.3888308424614375
5,12,6,COc1c(O)c(O)c(O)c(C)c1C#N,74.44204711914062,187.02056814006866,1.3808222216899386
5,12,7,COc1c(O)c(O)c(O)c(C)c1C#N,74.44204711914062,192.84815655980705,1.4085183567865869
5,12,8,COc1c(O)c(O)c(O)c(C)c1C#N,74.44204711914062,189.19713952801823,1.3911665718509711
5,12,9,COc1c(O)c(O)c(O)c(C)c1C#N,74.44204711914062,192.82347881421745,1.4084010735938657
5,12,10,COc1c(O)c(O)c(O)c(C)c1C#N,74.44204711914062,189.6235764974445,1.393193251682277
5,13,0,COc1ccc(O)cc1C,83.51517281,149.7299225,1.0211949709315298
5,13,1,COc1cc(N)c(O)cc1C,86.72298431396484,185.09591703727543,1.0273608881011935
5,13,2,COc1cc(NO)c(O)cc1C,74.44629669189453,164.13702805361152,1.3582634584594244
5,13,3,Cc1ccc(NO)c(O)c1,67.39152526855469,161.58988877345175,1.5722828603633592
5,13,4,Cc1cc(O)c(NO)cc1C,67.8176040649414,163.85845687535704,1.6663876392501946
5,13,5,Cc1cc(NO)c(O)c(N)c1C,67.39152526855469,168.20615236210526,1.6537272447275186
5,13,6,Cc1cc(N)c(O)c(NO)c1,67.19194793701172,162.7551478383094,1.585632347720533
5,13,7,Cc1cc(N)c(O)c(NO)c1C,67.19194793701172,156.76426995049715,1.6071601648247105
5,13,8,Cc1cc(N)c(O)c(NO)c1C,65.52507781982422,156.2176558582455,1.6198039018973882
5,13,9,Cc1cc(N)c(O)c(NO)c1C,65.52507781982422,172.28896293304564,1.6961842259463127
5,13,10,Cc1cc(N)c(O)c(NO)c1C,65.52507781982422,168.70845894940197,1.6791675605776328
5,14,0,COc1ccc(O)c(C)c1,76.20469296,143.2665798,1.088729648075637
5,14,1,COc1cc(C)c(O)c(N)c1,84.28094482421875,174.34603621932567,1.0718529438512494
5,14,2,Cc1cc(OC=O)cc(N)c1O,73.27803039550781,168.0042012987882,1.4223686793364285
5,14,3,Cc1cc(OC=O)cc(N)c1O,73.27803039550781,180.2795031433195,1.4307081490708975
5,14,4,Cc1cc(OC=O)cc(N)c1O,73.27803039550781,189.98668684050293,1.4768424076562419
5,14,5,Cc1cc(OC=O)cc(N)c1O,73.27803039550781,188.96493765984775,1.471986453305302
5,14,6,Cc1cc(OC=O)cc(N)c1O,73.27803039550781,190.72266948663741,1.4803402309972122
5,14,7,Cc1cc(OC=O)cc(N)c1O,73.27803039550781,183.19095857890397,1.4445451013852886
5,14,8,Cc1cc(OC=O)cc(N)c1O,73.27803039550781,178.22980905759633,1.4209667946346936
5,14,9,Cc1cc(OC=O)cc(N)c1O,73.27803039550781,179.04351625894904,1.4248340108748534
5,14,10,Cc1cc(OC=O)cc(N)c1O,73.27803039550781,189.0927352144301,1.4725938226117454
6,3,0,COc1cc(C)c(O)cc1C,75.37638108,140.1729604,1.1035269084981625
6,3,1,COc1cc(C)c(O)c(O)c1C,83.23001861572266,173.19117655590475,1.107497793974231
6,3,2,Cc1cc(OC#N)c(C)c(O)c1O,76.37479400634766,171.31589606419504,1.3214454244114815
6,3,3,Cc1cc(OC#N)c(C)c(O)c1O,76.37479400634766,182.4224217479527,1.3287756354695708
6,3,4,Cc1cc(OC#N)c(C)c(O)c1O,76.37479400634766,182.41636347721519,1.3287468429961302
6,3,5,Cc1cc(OC#N)c(C)c(O)c1O,76.37479400634766,186.51786912252902,1.3482396153524483
6,3,6,Cc1cc(OC#N)c(C)c(O)c1O,76.37479400634766,182.32526880300344,1.3283139074108015
6,3,7,C=Cc1cc(OC#N)c(C)c(O)c1O,76.37479400634766,178.974214177683,1.312387720636052
6,3,8,C=Cc1cc(OC#N)c(C)c(O)c1O,75.61695098876953,194.40165456136762,1.369915565049031
6,3,9,C=Cc1cc(OC#N)c(C)c(O)c1O,75.61695098876953,189.2875355939254,1.3456102573263955
6,3,10,C=Cc1cc(OC#N)c(C)c(O)c1O,75.61695098876953,189.7357730598837,1.3477405459669778
6,4,0,COc1c(C)cc(O)cc1C,80.44037871,144.119992,1.0900913668128303
6,4,1,Cc1cc(O)cc(C)c1OC=N,85.75631713867188,193.1900196573764,1.1036643462031084
6,4,2,Cc1cc(O)ccc1OC=N,85.7563247680664,192.47290115363597,1.0548013323154934
6,4,3,Cc1cc(O)ccc1OC=N,86.72298431396484,190.91626714647413,1.0550226224797157
6,4,4,Cc1cc(O)ccc1OC=N,86.72298431396484,190.89902839379013,1.0549406937660104
6,4,5,Cc1cc(O)ccc1O,86.72298431396484,189.425665884912,1.0479384066871886
6,4,6,Cc1cc(O)c(N)cc1O,84.28094482421875,187.60184495651572,1.2257614511839563
6,4,7,Cc1c(O)cc(N)c(O)c1O,74.44629669189453,177.53658893710673,1.5174006152679307
6,4,8,Cc1c(O)cc(NO)c(O)c1O,70.36409759521484,176.50886498882176,1.6268396611703932
6,4,9,COc1cc(NO)c(O)c(O)c1C,67.19194793701172,168.63126084176005,1.6681045547860367
6,4,10,Cc1c(OC#N)cc(NO)c(O)c1O,67.19194793701172,161.35876832207143,1.5880868382893436
6,5,0,COc1c(C)cc(C)c(OC)c1O,80.33370218,149.1714395,1.203826963786768
6,5,1,COc1c(C)cc(C)c(O)c1O,82.27826690673828,186.51437505010367,1.2080692040349335
6,5,2,COc1c(C)ccc(O)c1O,77.97277069091797,177.78153069916965,1.3735449459300033
6,5,3,Cc1ccc(O)c(O)c1O,78.27308654785156,183.76770492221416,1.4287019008665514
6,5,4,Cc1ccc(O)c(O)c1O,73.4686050415039,182.8005100743711,1.6506149524750562
6,5,5,Cc1ccc(O)c(O)c1O,73.4686050415039,183.106130761382,1.6520674421201922
6,5,6,Cc1ccc(O)c(O)c1O,73.4686050415039,184.16152413449885,1.6570832935044366
6,5,7,Cc1ccc(O)c(O)c1O,73.4686050415039,183.85810270629227,1.6556412560334368
6,5,8,Cc1ccc(O)c(O)c1O,73.4686050415039,188.11343241596668,1.6758650910113388
6,5,9,Cc1ccc(O)c(O)c1O,73.4686050415039,186.5995908306241,1.6686704235017802
6,5,10,Cc1ccc(O)c(O)c1O,73.4686050415039,182.23517788425536,1.6479281606867247
6,6,0,COc1ccc(C)c(OC)c1O,,,1.0828461752921201
6,6,1,COc1c(C)ccc(O)c1O,84.46381378173828,178.1383975526631,1.0827189592676656
6,6,2,Cc1ccc(O)c(O)c1O,78.27308654785156,184.25835784328729,1.3957773624941574
6,6,3,Cc1ccc(O)c(O)c1O,73.4686050415039,183.0645328120008,1.619818462094581
6,6,4,Cc1ccc(O)c(O)c1O,73.4686050415039,184.39111300830245,1.626123153106881
6,6,5,Cc1ccc(O)c(O)c1O,73.4686050415039,182.81275994591118,1.6186218890337127
6,6,6,Cc1ccc(O)c(O)c1O,73.4686050415039,182.74654644872845,1.6183072034672126
6,6,7,Cc1ccc(O)c(O)c1O,73.4686050415039,184.3498164261043,1.6259268874070394
6,6,8,Cc1ccc(O)c(O)c1O,73.4686050415039,182.622110667409,1.6177158112888275
6,6,9,Cc1ccc(O)c(O)c1O,73.4686050415039,184.62734776730537,1.6272458799243257
6,6,10,Cc1ccc(O)c(O)c1O,73.4686050415039,181.66086172192394,1.6131473897157644
6,7,0,COc1c(C)c(C)c(C)c(OC)c1O,,,1.091213835761455
6,7,1,COc1c(C)c(C)c(C)c(O)c1O,83.53588104248047,173.1022062282443,1.095103449051006
6,7,2,COc1c(O)c(O)c(C)c(C)c1C#N,77.62037658691406,176.2211531411618,1.3771746222559704
6,7,3,Cc1c(C)c(C#N)c(O)c(O)c1O,77.6203842163086,187.60050169047415,1.3955414095042893
6,7,4,Cc1cc(O)c(O)c(O)c1C#N,75.33631896972656,189.26958483120353,1.5285868499932809
6,7,5,Cc1cc(O)c(O)c(O)c1C#N,74.7864990234375,190.82880468563138,1.593231510259473
6,7,6,Cc1cc(O)c(O)c(O)c1C#N,74.7864990234375,193.72986965426801,1.6070190809505274
6,7,7,Cc1cc(O)c(O)c(O)c1C#N,74.7864990234375,193.97759725869446,1.6081964285435941
6,7,8,Cc1cc(O)c(O)c(O)c1C#N,74.7864990234375,193.5366359030366,1.60610072026788
6,7,9,Cc1cc(O)c(O)c(O)c1C#N,74.7864990234375,193.96637657154798,1.6081431012245209
6,7,10,Cc1cc(O)c(O)c(O)c1C#N,74.7864990234375,195.99364131017475,1.6177778581829059
6,12,0,COc1cc(OC)c(O)c(C)c1C,76.08546625,110.8306396,1.029347598565631
6,12,1,COc1cc(O)c(O)c(C)c1C,84.42772674560547,167.44963001327514,1.0333320881995987
6,12,2,COc1c(C)c(C)c(O)c(O)c1O,75.24566650390625,170.47220952899755,1.445546048023792
6,12,3,COc1c(O)c(O)c(O)c(C)c1C#N,74.44204711914062,175.35721830506026,1.4617547449681456
6,12,4,COc1c(O)c(O)c(O)c(C)c1C#N,74.44204711914062,189.75763369239866,1.491732468391453
6,12,5,COc1c(O)c(O)c(O)c(C)c1C#N,74.44204711914062,188.00537011644542,1.483404679050641
6,12,6,COc1c(O)c(O)c(O)c(C)c1C#N,74.44204711914062,188.85974711123706,1.4874651821210139
6,12,7,COc1c(O)c(O)c(O)c(C)c1C#N,74.44204711914062,188.28382652088106,1.4847280680136734
6,12,8,COc1c(O)c(O)c(O)c(C)c1C#N,74.44204711914062,188.48996442314686,1.4857077568280646
6,12,9,COc1c(O)c(O)c(O)c(C)c1C#N,74.44204711914062,187.99028182651102,1.4833329706034581
6,12,10,COc1c(O)c(O)c(O)c(C)c1C#N,74.44204711914062,191.73554259621204,1.501132657331244
6,13,0,COc1ccc(O)c(OC)c1C,75.59600923,148.9141608,1.1082382000717037
6,13,1,COc1c(N)cc(O)c(OC)c1C,83.48477935791016,177.9454854430318,1.1201216949340695
6,13,2,COc1c(O)cc(NO)c(OC)c1C,83.60445404052734,170.6138404214591,1.0389266429894888
6,13,3,COc1c(O)cc(NO)c(OC#N)c1C,70.01036071777344,163.39174563544245,1.4950113644389396
6,13,4,COc1c(O)cc(NO)c(OC#N)c1C,70.01036071777344,184.8948690446049,1.5555402146901935
6,13,5,COc1c(O)cc(NO)c(OC#N)c1C,70.01036071777344,177.63935274108053,1.5210577246334638
6,13,6,COc1c(O)cc(NO)c(OC#N)c1C,70.01036071777344,190.9699455557406,1.584412559072819
6,13,7,COc1c(O)cc(NO)c(OC#N)c1C,70.01036071777344,167.96961245594323,1.4751014192122442
6,13,8,COc1c(O)cc(NO)c(OC#N)c1C,70.01036071777344,185.86627512942403,1.5601569089762433
6,13,9,COc1c(O)cc(NO)c(OC#N)c1C,70.01036071777344,179.24024683167934,1.5286661169589193
6,13,10,COc1c(O)cc(NO)c(OC#N)c1C,70.01036071777344,184.79672127868085,1.5550737586557797
6,14,0,COc1cc(C)c(O)c(OC)c1,77.33420916,151.0163159,1.0256507934215702
6,14,1,COc1cc(C)c(O)c(OC)c1N,84.7586441040039,171.4135380005941,1.0392187557682628
6,14,2,COc1cc(C)c(O)c(OC)c1NO,81.8914566040039,165.5371683024049,1.0818463050242024
6,14,3,COc1cc(C)c(O)c(O)c1NO,71.31774139404297,159.36267773336172,1.4246917651114432
6,14,4,COc1cc(C)c(O)c(O)c1NO,67.01275634765625,159.9652066061765,1.637719824017489
6,14,5,COc1cc(C)c(O)c(O)c1NO,67.01275634765625,163.9576413856268,1.656694227330133
6,14,6,COc1cc(C)c(O)c(O)c1NO,67.01275634765625,169.42354863689542,1.6826714403303056
6,14,7,COc1cc(C)c(O)c(O)c1NO,67.01275634765625,159.15724874842613,1.6338799320469342
6,14,8,COc1cc(C)c(O)c(O)c1NO,67.01275634765625,161.61041644895076,1.6455388309180923
6,14,9,COc1cc(C)c(O)c(O)c1NO,67.01275634765625,167.1610697328046,1.6719188070165365
6,14,10,COc1cc(C)c(O)c(O)c1NO,67.01275634765625,163.09439656697512,1.6525915791338608
7,1,0,COc1c(C)ccc(O)c1C,79.71874336,150.1252532,1.147816822510007
7,1,1,Cc1ccc(O)c(C)c1,83.58546447753906,183.5071532335192,1.142613186385341
7,1,2,Cc1cc(C)c(O)c(N)c1,84.28094482421875,188.45186295163035,1.2298012377185608
7,1,3,Cc1ccc(O)c(N)c1,73.27803039550781,181.03863848651648,1.5797705531296318
7,1,4,Cc1ccc(O)c(NO)c1,74.32364654541016,187.0512261514351,1.6128748717535988
7,1,5,Cc1ccc(O)c(NO)c1C,67.39152526855469,171.22364265550078,1.7635226826403647
7,1,6,Cc1cccc(O)c1NO,66.28346252441406,176.54182603651734,1.7867130365934134
7,1,7,Cc1cccc(O)c1NO,65.48004150390625,162.43876796486677,1.7965875677434981
7,1,8,Cc1cccc(O)c1NO,65.48004150390625,176.49520896618367,1.8633920605988823
7,1,9,Cc1cccc(O)c1NO,65.48004150390625,182.85770592318772,1.8936303963530579
7,1,10,Cc1cccc(O)c1NO,65.48004150390625,168.76238511891813,1.8266411237573164
7,3,0,COc1cccc(O)c1C,82.08445229,158.4585727,1.0451660248916719
7,3,1,COc1cccc(O)c1,86.59114837646484,185.37738642627298,1.0338586767318223
7,3,2,COc1cccc(O)c1O,88.32231140136719,195.36860336713195,1.0635848243409427
7,3,3,COc1ccc(O)c(O)c1O,80.82854461669922,184.95347035725118,1.2573932328010475
7,3,4,COc1cc(O)c(O)c(O)c1O,75.87224578857422,179.89416894640922,1.3773387984135905
7,3,5,N#COc1cc(O)c(O)c(O)c1O,74.06809997558594,171.69135077819527,1.3589687341795196
7,3,6,N#COc1cc(O)c(O)c(O)c1O,74.06809997558594,192.83131367370785,1.4094382982807063
7,3,7,N#COc1cc(O)c(O)c(O)c1O,74.06809997558594,197.7525401186675,1.4328268670408377
7,3,8,N#COc1cc(O)c(O)c(O)c1O,74.06809997558594,192.98640025007575,1.410175361103505
7,3,9,N#COc1cc(O)c(O)c(O)c1O,74.06809997558594,192.15706078586877,1.4062338511362158
7,3,10,N#COc1cc(O)c(O)c(O)c1O,74.06809997558594,194.37197384563237,1.4167604235212465
7,4,0,COc1cc(O)c(C)cc1C,77.4346106,144.1450924,1.2102486418951768
7,4,1,COc1c(C)cc(C)c(O)c1N,80.88127136230469,175.76065102739335,1.2116398034085685
7,4,2,COc1c(C)cc(C)c(O)c1NO,73.6883316040039,179.96037076002955,1.4676776419167687
7,4,3,C=Cc1cc(C)c(OC)c(NO)c1O,68.30767059326172,180.85899821650088,1.6370938571441478
7,4,4,C=C=Cc1cc(C)c(OC)c(NO)c1O,68.30767059326172,160.2445619576484,1.493667359924339
7,4,5,C=C=Cc1cc(C)c(OC)c(NO)c1O,68.30767059326172,173.31515392921716,1.5103319716517933
7,4,6,C=C=Cc1cc(C)c(OC)c(NO)c1O,68.30767059326172,174.23743200868964,1.5147151806991637
7,4,7,C=C=Cc1cc(C)c(OC)c(NO)c1O,68.30767059326172,165.83034221548587,1.4747597346533232
7,4,8,C=C=Cc1cc(C)c(OC)c(NO)c1O,68.30767059326172,173.98299185403138,1.5135059311108503
7,4,9,C=C=Cc1cc(C)c(OC)c(NO)c1O,68.30767059326172,161.53494097949417,1.4543454561632037
7,4,10,C=C=Cc1cc(C)c(OC)c(NO)c1O,68.30767059326172,168.52430366978794,1.4875630273722797
7,5,0,COc1cc(C)c(C)c(O)c1,79.39871377,146.9939833,1.0675870483056404
7,5,1,COc1cc(C)c(C)c(O)c1N,85.10086059570312,180.19734227073192,1.0675701615118016
7,5,2,COc1cc(C)c(C)c(O)c1NO,75.53398132324219,166.77534894743263,1.3327756143462368
7,5,3,COc1cc(C)cc(O)c1NO,67.01274871826172,153.95972151629329,1.5599360934609037
7,5,4,COc1cc(C)c(O)c(O)c1NO,65.7394790649414,171.1098090197891,1.7367339462195173
7,5,5,COc1cc(C)c(O)c(O)c1NO,67.01275634765625,170.10020421497822,1.6366448822326158
7,5,6,COc1cc(C)c(O)c(O)c1NO,67.01275634765625,157.94784712302388,1.578889718429098
7,5,7,COc1cc(C)c(O)c(O)c1NO,67.01275634765625,169.6417116739422,1.6344658554306666
7,5,8,COc1cc(C)c(O)c(O)c1NO,67.01275634765625,157.14646951634288,1.5750810996901887
7,5,9,COc1cc(C)c(O)c(O)c1NO,67.01275634765625,150.53125779193937,1.5436417144049404
7,5,10,COc1cc(C)c(O)c(O)c1NO,67.01275634765625,169.7700892830342,1.6350759814980382
7,6,0,COc1cc(C)cc(O)c1C,81.29379095,156.7642984,1.0233389918461102
7,6,1,COc1cc(C)c(N)c(O)c1C,86.6293716430664,184.18607129909694,1.0267007801406982
7,6,2,COc1cc(C)c(NO)c(O)c1C,74.76897430419922,162.3764031705916,1.3418117312029698
7,6,3,C=Cc1cc(OC)c(C)c(O)c1NO,65.42562866210938,163.82577245318294,1.6689455217843825
7,6,4,C=Cc1ccc(C)c(O)c1NO,67.81212615966797,159.16251528599412,1.5079205266584448
7,6,5,Cc1cccc(NO)c1O,67.81212615966797,161.8843884272307,1.61176556307465
7,6,6,Cc1cccc(NO)c1O,67.48908233642578,175.0892338088751,1.7780758506603642
7,6,7,Cc1cccc(NO)c1O,67.48908233642578,175.46383974643052,1.7798561988777162
7,6,8,Cc1cccc(NO)c1O,67.48908233642578,175.13614159373194,1.7782987841026232
7,6,9,Cc1cccc(NO)c1O,67.48908233642578,165.1096770632893,1.7306471148055396
7,6,10,Cc1cccc(NO)c1O,67.48908233642578,187.26447831229865,1.8359397889335953
7,7,0,COc1ccc(C)c(O)c1,79.6308921,149.140064,1.0586530506543448
7,7,1,Cc1ccc(OC#N)cc1O,85.46358489990234,182.42675016418696,1.0639685332080289
7,7,2,Cc1ccc(OC#N)c(N)c1O,85.46358489990234,202.4066061022252,1.1089245852513043
7,7,3,Cc1ccc(OC#N)c(NO)c1O,75.42678833007812,180.11257802553476,1.3458120849866972
7,7,4,Cc1cccc(NO)c1O,67.01274871826172,180.6387338563934,1.6276395762858393
7,7,5,Cc1cccc(NO)c1O,67.48908233642578,175.14107789884508,1.7328676988795568
7,7,6,Cc1cccc(NO)c1O,67.48908233642578,164.95525129546525,1.6844586470798928
7,7,7,Cc1cccc(NO)c1O,67.48908233642578,180.14910668337197,1.7566688035207774
7,7,8,Cc1cccc(NO)c1O,67.48908233642578,174.4085783288419,1.7293864291693746
7,7,9,Cc1cccc(NO)c1O,67.48908233642578,167.35111112242788,1.6958451851571936
7,7,10,Cc1cccc(NO)c1O,67.48908233642578,165.75215031777174,1.6882459809460648
7,8,0,COc1cc(O)cc(C)c1C,80.77295848,,1.1005256481541215
7,8,1,COc1c(C)c(C)cc(O)c1N,84.61771392822266,182.101620677045,1.0955308546344569
7,8,2,Cc1cc(N)c(O)cc1C,74.94636535644531,164.06548960104882,1.3428961506678867
7,8,3,Cc1cc(O)c(NO)cc1C,74.44629669189453,180.22992703899146,1.5302009454487806
7,8,4,Cc1cc(NO)c(O)c(N)c1C,67.39152526855469,160.17961406518071,1.6655804036985464
7,8,5,Cc1cc(N)c(O)c(NO)c1,67.19194793701172,169.6278704324767,1.6728410309876869
7,8,6,Cc1cc(N)c(O)c(NO)c1C,67.19194793701172,165.0008570503831,1.696305281573362
7,8,7,Cc1cc(N)c(O)c(NO)c1C,65.52507781982422,154.26901702731251,1.665088276141891
7,8,8,Cc1cc(N)c(O)c(NO)c1C,65.52507781982422,156.50704189167024,1.6757246894450275
7,8,9,Cc1cc(N)c(O)c(NO)c1C,65.52507781982422,160.10336507516652,1.6928165369756378
7,8,10,Cc1cc(N)c(O)c(NO)c1C,65.52507781982422,174.29371516510247,1.7602574447494985
7,11,0,COc1c(C)c(C)cc(O)c1C,,148.5188301,1.1285258669892653
7,11,1,CCc1c(C)cc(O)c(C)c1OC,83.3048095703125,180.44208644313665,1.139031061411883
7,11,2,CCOc1c(C)c(O)cc(C)c1CC,83.3048095703125,181.56149061829,1.1026844631903023
7,11,3,CCOc1c(C)c(O)c(O)c(C)c1CC,83.3048095703125,179.95243555935622,1.0533706184663743
7,11,4,CCOc1c(C)c(O)c(O)c(C)c1CC#N,75.29167938232422,171.07543048106731,1.2831504194815904
7,11,5,CCOc1c(CC#N)c(C)c(O)c(O)c1CC,75.29167938232422,181.99810981234612,1.2933947630969507
7,11,6,C=C(C)Oc1c(CC#N)c(C)c(O)c(O)c1CC,75.774169921875,175.07213766437917,1.199927035690318
7,11,7,C=C(C)Oc1c(CC#N)c(C)c(O)c(O)c1CC,75.774169921875,183.39692432044149,1.1978246620502724
7,11,8,C=C(C)Oc1c(CC#N)c(C)c(O)c(O)c1CC,75.774169921875,177.1512980381042,1.1681417646286056
7,11,9,CCOc1c(CC#N)c(C)c(O)c(O)c1CC,75.774169921875,175.58316396920085,1.1606890672358217
7,11,10,CCOc1c(CC#N)c(C)c(O)c(O)c1CC,75.774169921875,179.5709383817911,1.221307988404877
7,12,0,COc1cc(C)cc(O)c1,82.3919317,152.064256,0.9990149418817478
7,12,1,COc1cccc(O)c1,88.01016998291016,189.50205920128525,0.9979208148257834
7,12,2,COc1cccc(O)c1O,88.32231140136719,190.02743876251282,1.0382004619240777
7,12,3,COc1ccc(O)c(O)c1O,80.82854461669922,185.605011087057,1.2604897383834512
7,12,4,COc1cc(O)c(O)c(O)c1O,75.87224578857422,178.34090599063336,1.3699567773157935
7,12,5,N#COc1cc(O)c(O)c(O)c1O,74.06809997558594,173.2892738076031,1.3665630062709777
7,12,6,N#COc1cc(O)c(O)c(O)c1O,74.06809997558594,193.33832908028512,1.4118479343402954
7,12,7,N#COc1cc(O)c(O)c(O)c1O,74.06809997558594,192.4240992571339,1.407502975350807
7,12,8,N#COc1cc(O)c(O)c(O)c1O,74.06809997558594,192.82352898480892,1.4094013008505686
7,12,9,N#COc1cc(O)c(O)c(O)c1O,74.06809997558594,196.1013878098771,1.4249796180390881
7,12,10,N#COc1cc(O)c(O)c(O)c1O,74.06809997558594,192.90370502632558,1.4097823446576154
7,14,0,COc1cc(O)c(C)c(C)c1C,77.30283371,141.5283799,1.1392769720435276
7,14,1,COc1c(C)c(C)c(C)c(O)c1O,82.13594818115234,171.52545106482805,1.142403380642874
7,14,2,COc1c(O)c(O)c(C)c(C)c1C#N,77.62037658691406,174.7070273703456,1.2925976517485827
7,14,3,Cc1c(C)c(C#N)c(O)c(O)c1O,77.6203842163086,189.93639975703954,1.3233096406198912
7,14,4,Cc1cc(O)c(O)c(O)c1C#N,75.33631896972656,190.6491266158551,1.4577622933093488
7,14,5,Cc1cc(O)c(O)c(O)c1C#N,74.7864990234375,194.48282301841974,1.5391689877179087
7,14,6,Cc1cc(O)c(O)c(O)c1C#N,74.7864990234375,194.06544527709633,1.537185362678283
7,14,7,Cc1cc(O)c(O)c(O)c1C#N,74.7864990234375,196.20868724150063,1.5473713117734338
7,14,8,Cc1cc(O)c(O)c(O)c1C#N,74.7864990234375,194.6412792716369,1.5399220652312668
7,14,9,Cc1cc(O)c(O)c(O)c1C#N,74.7864990234375,196.93092383283974,1.5508038057597489
7,14,10,Cc1cc(O)c(O)c(O)c1C#N,74.7864990234375,196.3354487390056,1.5479737571259675
7,15,0,COc1cc(O)ccc1C,80.18937511,148.6757074,1.070815326873319
7,15,1,COc1c(C)ccc(O)c1O,85.58299255371094,187.56241740066707,1.083702615876677
7,15,2,Cc1ccc(O)c(O)c1O,78.27308654785156,183.5031227481261,1.3005213735008714
7,15,3,Cc1ccc(O)c(O)c1O,73.4686050415039,181.55193037154078,1.5292963503985542
7,15,4,Cc1ccc(O)c(O)c1O,73.4686050415039,182.1624150630802,1.5321977334876622
7,15,5,Cc1ccc(O)c(O)c1O,73.4686050415039,184.02527592796088,1.5410511463342595
7,15,6,Cc1ccc(O)c(O)c1O,73.4686050415039,182.65359065175355,1.534532089396188
7,15,7,Cc1ccc(O)c(O)c1O,73.4686050415039,183.9979494500488,1.5409212748043133
7,15,8,Cc1ccc(O)c(O)c1O,73.4686050415039,184.41486156704724,1.5429026869226963
7,15,9,Cc1ccc(O)c(O)c1O,73.4686050415039,182.2180628398791,1.532462204523199
7,15,10,Cc1ccc(O)c(O)c1O,73.4686050415039,183.64559932432473,1.539246699322915
